0.25m_-40deg,0.25m_-30deg,0.25m_-20deg,0.25m_-10deg,0.25m_0deg,0.25m_10deg,0.25m_20deg,0.25m_30deg,0.25m_40deg,0.5m_40deg,0.5m_30deg,0.5m_20deg,0.5m_10deg,0.5m_0deg,0.5m_-10deg,0.5m_-20deg,0.5m_-30deg,0.5m_-40deg,1m_-40deg,1m_-30deg,1m_-20deg,1m_-10deg,1m_0deg,1m_10deg,1m_20deg,1m_30deg,1m_40deg,2m_40deg,2m_30deg,2m_20deg,2m_10deg,2m_0deg,2m_-10deg,2m_-20deg,2m_-30deg,3m_-20deg,3m_-10deg,3m_0deg,3m_10deg,3m_20deg
0.44,0.34,0.33,0.26,0.29,0.29,0.3,0.33,0.94,5.65,0.57,0.55,0.61,0.52,0.6,0.6,0.61,5.63,5.63,1.17,1.16,1.14,1.15,1.15,1.15,1.17,5.68,5.69,2.39,2.36,2.32,2.31,2.35,5.27,5.68,5.25,3.51,3.51,3.53,3.53
0.41,0.3,0.29,0.26,0.29,0.29,0.27,0.29,0.88,5.68,0.62,0.56,0.54,0.54,0.56,0.57,0.57,5.68,5.68,1.22,1.16,1.15,1.16,1.1,1.15,1.16,5.68,5.68,5.68,2.32,2.3,2.32,2.35,5.26,5.69,5.22,3.49,3.46,3.51,3.53
0.41,0.3,0.29,0.26,0.29,0.29,0.27,0.33,0.92,5.7,0.58,0.6,0.56,0.54,0.55,0.56,0.61,5.68,5.69,1.17,1.17,1.15,1.15,1.15,1.15,1.21,5.68,5.68,2.35,2.32,2.31,2.31,2.32,5.27,5.63,5.21,3.51,3.48,3.51,3.53
0.38,0.3,0.33,0.26,0.29,0.29,0.27,0.33,0.93,5.65,0.62,0.6,0.59,0.59,0.6,0.6,0.61,5.7,5.7,1.17,1.17,1.15,1.15,1.19,1.1,1.16,5.64,5.63,2.35,2.27,2.31,2.31,2.32,5.24,5.69,5.21,3.54,3.5,3.48,3.54
0.44,0.34,0.32,0.26,0.29,0.29,0.27,0.33,0.87,5.65,0.62,0.55,0.54,0.59,0.6,0.6,0.57,5.63,5.65,1.18,1.16,1.1,1.15,1.1,1.15,1.21,5.68,5.68,5.65,2.32,2.3,2.35,2.32,5.23,5.68,5.26,3.51,3.51,3.49,3.53
0.44,0.34,0.32,0.3,0.29,0.26,0.27,0.33,0.91,5.63,0.63,0.55,0.59,0.54,0.55,0.51,0.58,5.68,5.69,1.18,1.16,1.16,1.14,1.1,1.15,1.16,5.69,5.66,2.35,2.28,2.32,2.3,2.3,5.23,5.66,5.21,3.51,3.51,3.53,3.52
0.4,0.34,0.32,0.3,0.29,0.29,0.3,0.33,0.87,5.68,0.58,0.6,0.59,0.55,0.6,0.6,0.62,5.69,5.65,1.18,1.21,1.16,1.15,1.14,1.16,1.17,5.68,5.66,2.35,2.27,2.32,2.34,2.3,5.22,5.65,5.21,3.49,3.51,3.48,3.52
0.4,0.34,0.32,0.27,0.29,0.29,0.27,0.29,0.87,5.68,0.58,0.6,0.59,0.54,0.6,0.6,0.57,5.68,5.69,1.17,1.16,1.16,1.15,1.15,1.15,1.16,5.69,5.64,2.34,2.32,2.27,2.3,2.3,5.21,5.69,5.25,3.49,3.51,3.51,3.48
0.44,0.34,0.32,0.3,0.29,0.29,0.3,0.33,0.89,5.7,0.57,0.6,0.54,0.59,0.6,0.56,0.61,5.69,5.68,1.18,1.16,1.15,1.15,1.15,1.15,1.21,5.68,5.69,5.69,2.32,2.34,2.3,2.31,5.23,5.66,5.21,3.49,3.49,3.51,3.56
0.44,0.34,0.32,0.3,0.26,0.29,0.3,0.33,0.84,5.68,0.53,0.55,0.54,0.49,0.55,0.6,0.57,5.68,5.7,1.22,1.16,1.15,1.19,1.15,1.15,1.21,5.68,5.64,2.34,2.32,2.3,2.35,2.31,5.26,5.68,5.23,3.49,3.5,3.5,3.56
0.44,0.3,0.33,0.3,0.29,0.26,0.3,0.33,0.86,5.68,0.62,0.55,0.54,0.54,0.6,0.51,0.61,5.68,5.65,1.18,1.16,1.14,1.15,1.14,1.15,1.16,5.64,5.63,2.35,2.31,2.35,2.34,2.32,5.26,5.68,5.26,3.49,3.53,3.48,3.53
0.44,0.34,0.29,0.3,0.29,0.26,0.3,0.33,0.86,5.68,0.58,0.55,0.54,0.54,0.55,0.55,0.52,5.68,5.65,1.17,1.16,1.15,1.14,1.15,1.16,1.21,5.64,5.69,2.36,2.32,2.32,2.31,2.32,5.22,5.68,5.26,3.51,3.5,3.5,3.53
0.44,0.34,0.33,0.3,0.29,0.26,0.3,0.33,0.88,5.68,0.62,0.56,0.59,0.54,0.56,0.57,0.61,5.66,5.68,1.18,1.16,1.15,1.16,1.19,1.15,1.16,5.69,5.64,2.35,2.32,2.32,2.31,2.32,5.26,5.68,5.26,3.49,3.46,3.49,3.53
0.44,0.34,0.33,0.3,0.29,0.29,0.3,0.33,0.9,5.7,0.58,0.6,0.49,0.54,0.6,0.6,0.52,5.68,5.68,1.18,1.12,1.19,1.15,1.19,1.2,1.17,5.68,5.68,2.35,2.31,2.34,2.3,2.32,5.25,5.66,5.26,3.51,3.49,3.5,3.53
0.38,0.34,0.33,0.3,0.29,0.26,0.3,0.33,0.91,5.7,0.53,0.6,0.59,0.59,0.56,0.57,0.61,5.7,5.68,1.18,1.16,1.15,1.19,1.14,1.15,1.16,5.65,5.68,5.66,2.32,2.3,2.3,2.3,5.26,5.65,5.23,3.52,3.48,3.49,3.57
0.41,0.34,0.32,0.31,0.26,0.29,0.3,0.29,0.87,5.7,0.58,0.5,0.55,0.59,0.55,0.6,0.57,5.68,5.68,1.18,1.17,1.15,1.14,1.15,1.15,1.16,5.68,5.68,2.34,2.32,2.3,2.31,2.3,5.26,5.7,5.21,3.54,3.48,3.49,3.53
0.38,0.34,0.32,0.26,0.29,0.29,0.32,0.33,0.88,5.65,0.57,0.6,0.54,0.59,0.6,0.56,0.57,5.69,5.69,1.12,1.17,1.19,1.14,1.15,1.15,1.16,5.64,5.63,2.4,2.31,2.27,2.26,2.32,5.24,5.7,5.25,3.55,3.53,3.51,3.52
0.44,0.34,0.33,0.3,0.26,0.29,0.26,0.33,0.88,5.69,0.62,0.6,0.59,0.59,0.55,0.6,0.62,5.68,5.63,1.17,1.16,1.15,1.15,1.1,1.15,1.17,5.65,5.65,2.4,2.32,2.3,2.3,2.32,5.24,5.68,5.21,3.5,3.49,3.53,3.49
0.43,0.34,0.32,0.27,0.29,0.29,0.29,0.33,0.83,5.66,0.54,0.6,0.54,0.54,0.5,0.55,0.61,5.63,5.66,1.13,1.16,1.16,1.19,1.16,1.2,1.16,5.68,5.66,2.39,2.31,2.31,2.31,2.27,5.22,5.66,5.26,3.51,3.51,3.5,3.52
0.4,0.3,0.33,0.3,0.26,0.29,0.29,0.33,0.88,5.66,0.54,0.6,0.54,0.54,0.6,0.6,0.62,5.68,5.69,1.17,1.17,1.14,1.15,1.16,1.16,1.16,5.68,5.66,2.3,2.36,2.32,2.34,2.32,5.27,5.7,5.26,3.54,3.5,3.49,3.53
0.43,0.3,0.33,0.27,0.29,0.29,0.3,0.33,0.86,5.68,0.59,0.6,0.59,0.59,0.6,0.6,0.61,5.68,5.7,1.19,1.16,1.19,1.19,1.19,1.15,1.21,5.68,5.65,5.64,2.31,2.27,2.31,2.35,5.22,5.68,5.26,3.49,3.48,3.5,3.53
0.43,0.32,0.32,0.3,0.26,0.29,0.3,0.33,0.89,5.68,0.62,0.5,0.59,0.54,0.6,0.6,0.57,5.68,5.69,1.18,1.16,1.15,1.19,1.19,1.2,1.16,5.64,5.65,2.34,2.32,2.32,2.34,2.32,5.23,5.66,5.25,3.5,3.48,3.45,3.56
0.44,0.32,0.33,0.3,0.29,0.29,0.27,0.33,0.87,5.64,0.63,0.55,0.59,0.54,0.55,0.56,0.62,5.69,5.7,1.22,1.21,1.15,1.19,1.15,1.15,1.21,5.69,5.68,2.39,2.32,2.31,2.34,2.35,5.23,5.68,5.23,3.5,3.51,3.49,3.54
0.4,0.32,0.32,0.3,0.26,0.29,0.3,0.33,0.86,5.63,0.63,0.55,0.59,0.59,0.6,0.55,0.61,5.68,5.65,1.18,1.16,1.14,1.15,1.15,1.15,1.16,5.64,5.68,2.39,2.32,2.35,2.3,2.35,5.22,5.68,5.26,3.54,3.51,3.51,3.53
0.43,0.32,0.32,0.3,0.26,0.29,0.3,0.33,0.87,5.68,0.62,0.6,0.59,0.54,0.6,0.55,0.57,5.68,5.66,1.17,1.21,1.15,1.15,1.14,1.15,1.21,5.65,5.68,2.35,2.35,2.31,2.34,2.32,5.26,5.68,5.21,3.51,3.5,3.49,3.52
0.44,0.32,0.32,0.32,0.29,0.26,0.3,0.33,0.91,5.7,0.62,0.56,0.54,0.55,0.56,0.57,0.61,5.66,5.68,1.17,1.16,1.19,1.16,1.15,1.2,1.16,5.63,5.68,2.4,2.27,2.3,2.31,2.32,5.21,5.7,5.21,3.52,3.51,3.49,3.53
0.44,0.3,0.32,0.3,0.26,0.29,0.3,0.33,0.91,5.65,0.58,0.6,0.59,0.59,0.6,0.6,0.62,5.68,5.63,1.18,1.16,1.15,1.15,1.19,1.15,1.11,5.69,5.68,2.29,2.31,2.35,2.26,2.3,5.28,5.68,5.25,3.51,3.51,3.5,3.53
0.41,0.34,0.32,0.31,0.26,0.26,0.3,0.33,0.92,5.7,0.58,0.56,0.59,0.59,0.6,0.57,0.57,5.68,5.65,1.18,1.16,1.15,1.16,1.15,1.16,1.16,5.68,5.69,2.35,2.32,2.31,2.31,2.35,5.26,5.68,5.23,3.51,3.51,3.49,3.54
0.47,0.34,0.32,0.31,0.26,0.29,0.27,0.29,0.9,5.68,0.59,0.6,0.59,0.49,0.6,0.6,0.52,5.68,5.69,1.18,1.17,1.15,1.15,1.15,1.15,1.21,5.64,5.69,2.39,2.32,2.3,2.3,2.32,5.27,5.69,5.25,3.49,3.51,3.49,3.56
0.47,0.34,0.32,0.31,0.29,0.29,0.3,0.29,0.92,5.68,0.54,0.6,0.59,0.59,0.5,0.6,0.57,5.68,5.68,1.18,1.17,1.19,1.15,1.14,1.15,1.16,5.68,5.68,2.35,2.31,2.32,2.3,2.32,5.22,5.69,5.25,3.51,3.54,3.48,3.53
0.47,0.3,0.32,0.28,0.29,0.29,0.27,0.33,0.87,5.65,0.63,0.55,0.59,0.59,0.6,0.6,0.62,5.65,5.68,1.18,1.16,1.15,1.15,1.15,1.15,1.16,5.65,5.68,5.68,2.31,2.32,2.32,2.32,5.22,5.68,5.25,3.49,3.49,3.51,3.52
0.47,0.34,0.32,0.31,0.29,0.26,0.27,0.33,0.91,5.63,0.63,0.6,0.59,0.59,0.6,0.6,0.61,5.68,5.68,1.13,1.16,1.16,1.15,1.15,1.15,1.16,5.68,5.68,2.36,2.31,2.35,2.35,2.3,5.26,5.64,5.21,3.55,3.5,3.5,3.53
0.47,0.3,0.33,0.28,0.29,0.29,0.3,0.29,0.89,5.7,0.57,0.6,0.59,0.55,0.6,0.56,0.62,5.69,5.69,1.18,1.21,1.16,1.14,1.16,1.16,1.16,5.65,5.66,2.34,2.31,2.34,2.31,2.3,5.27,5.68,5.25,3.55,3.54,3.51,3.53
0.47,0.32,0.32,0.26,0.29,0.29,0.3,0.33,0.91,5.65,0.53,0.6,0.61,0.49,0.6,0.6,0.62,5.68,5.68,1.18,1.12,1.16,1.19,1.16,1.15,1.21,5.68,5.68,2.34,2.27,2.32,2.26,2.3,5.22,5.69,5.23,3.49,3.51,3.48,3.58
0.47,0.32,0.32,0.31,0.26,0.26,0.3,0.33,0.89,5.7,0.59,0.6,0.61,0.59,0.6,0.6,0.61,5.68,5.69,1.13,1.12,1.19,1.19,1.19,1.15,1.22,5.68,5.68,2.35,2.32,2.32,2.31,2.32,5.22,5.66,5.25,3.49,3.5,3.48,3.53
0.47,0.3,0.33,0.3,0.29,0.26,0.3,0.33,0.89,5.65,0.63,0.55,0.54,0.59,0.6,0.55,0.61,5.69,5.68,1.18,1.16,1.15,1.19,1.15,1.15,1.16,5.68,5.68,2.35,2.27,2.31,2.34,2.35,5.24,5.68,5.22,3.52,3.54,3.5,3.56
0.43,0.34,0.29,0.32,0.29,0.29,0.3,0.33,0.91,5.68,0.63,0.55,0.59,0.54,0.6,0.6,0.62,5.64,5.68,1.18,1.21,1.15,1.15,1.1,1.15,1.16,5.68,5.64,5.7,2.31,2.3,2.34,2.32,5.26,5.68,5.21,3.52,3.51,3.49,3.53
0.4,0.34,0.29,0.26,0.26,0.26,0.3,0.33,0.84,5.7,0.63,0.55,0.49,0.59,0.55,0.6,0.57,5.68,5.64,1.18,1.21,1.15,1.14,1.15,1.15,1.16,5.66,5.65,2.35,2.32,2.31,2.34,2.32,5.27,5.68,5.25,3.51,3.5,3.48,3.52
0.46,0.34,0.28,0.3,0.29,0.26,0.32,0.29,0.89,5.68,0.63,0.56,0.59,0.55,0.56,0.57,0.61,5.68,5.69,1.22,1.16,1.15,1.16,1.14,1.15,1.16,5.68,5.68,2.39,2.32,2.32,2.3,2.35,5.26,5.69,5.25,3.51,3.48,3.51,3.52
0.46,0.3,0.32,0.31,0.26,0.29,0.32,0.33,0.89,5.68,0.58,0.6,0.59,0.54,0.6,0.6,0.61,5.65,5.68,1.23,1.12,1.19,1.19,1.19,1.15,1.16,5.68,5.69,2.34,2.32,2.31,2.31,2.32,5.26,5.69,5.25,3.51,3.46,3.53,3.51
0.42,0.3,0.32,0.28,0.26,0.29,0.29,0.33,0.91,5.7,0.54,0.56,0.59,0.59,0.56,0.57,0.62,5.69,5.64,1.18,1.16,1.14,1.16,1.14,1.2,1.16,5.68,5.68,5.64,2.32,2.32,2.26,2.35,5.27,5.68,5.23,3.52,3.51,3.49,3.56
0.46,0.34,0.32,0.28,0.29,0.29,0.26,0.29,0.91,5.7,0.63,0.6,0.55,0.59,0.6,0.56,0.61,5.68,5.68,1.22,1.17,1.15,1.14,1.1,1.2,1.21,5.68,5.65,2.36,2.31,2.31,2.31,2.32,5.24,5.69,5.26,3.55,3.51,3.5,3.56
0.41,0.34,0.33,0.28,0.26,0.29,0.27,0.33,0.91,5.65,0.57,0.6,0.59,0.49,0.6,0.6,0.57,5.69,5.69,1.18,1.21,1.15,1.15,1.15,1.15,1.16,5.68,5.68,5.65,2.32,2.3,2.31,2.31,5.22,5.68,5.25,3.51,3.5,3.53,3.52
0.4,0.3,0.33,0.28,0.29,0.29,0.27,0.29,0.92,5.66,0.63,0.6,0.61,0.59,0.55,0.6,0.57,5.64,5.68,1.13,1.16,1.1,1.14,1.15,1.2,1.21,5.65,5.69,2.35,2.32,2.35,2.3,2.3,5.24,5.64,5.21,3.5,3.49,3.48,3.53
0.46,0.3,0.33,0.28,0.29,0.29,0.3,0.29,0.91,2.03,0.57,0.6,0.61,0.54,0.55,0.6,0.61,5.68,5.68,1.13,1.16,1.16,1.15,1.15,1.15,1.16,5.7,5.66,2.4,2.31,2.31,2.3,2.32,5.22,5.66,5.26,3.51,3.51,3.54,3.53
0.47,0.32,0.33,0.31,0.29,0.29,0.27,0.33,0.88,5.7,0.62,0.55,0.54,0.55,0.6,0.6,0.57,5.65,5.65,1.18,1.16,1.16,1.19,1.15,1.16,1.16,5.68,5.66,2.3,2.36,2.32,2.34,2.3,5.22,5.68,5.26,3.51,3.51,3.5,3.48
0.45,0.29,0.32,0.28,0.26,0.29,0.3,0.33,0.91,5.68,0.59,0.57,0.59,0.49,0.6,0.55,0.57,5.68,5.68,1.18,1.16,1.16,1.19,1.16,1.15,1.21,5.68,5.65,5.68,2.27,2.3,2.26,2.3,5.22,5.68,5.22,3.49,3.49,3.48,3.56
0.45,0.34,0.32,0.31,0.26,0.29,0.27,0.29,0.86,5.68,0.58,0.55,0.59,0.59,0.55,0.55,0.57,5.69,5.7,1.18,1.12,1.15,1.19,1.19,1.15,1.21,5.68,5.69,2.34,2.36,2.32,2.31,2.31,5.26,5.65,5.25,3.5,3.49,3.5,3.57
0.47,0.34,0.32,0.31,0.29,0.29,0.3,0.29,0.91,5.65,0.63,0.55,0.54,0.59,0.6,0.55,0.62,5.64,5.65,1.22,1.16,1.15,1.14,1.19,1.1,1.21,5.68,5.65,5.65,2.31,2.31,2.34,2.35,5.26,5.65,5.26,3.5,3.5,3.5,3.53
0.43,0.32,0.32,0.31,0.29,0.29,0.3,0.33,0.88,5.68,0.59,0.55,0.59,0.59,0.5,0.51,0.57,5.69,5.68,1.17,1.16,1.15,1.14,1.15,1.15,1.16,5.64,5.68,2.41,2.27,2.31,2.31,2.3,5.22,5.68,5.25,3.52,3.51,3.53,3.48
0.47,0.34,0.32,0.28,0.29,0.29,0.3,0.33,0.93,5.68,0.59,0.55,0.54,0.59,0.6,0.6,0.56,5.65,5.68,1.17,1.16,1.15,1.15,1.14,1.15,1.16,5.65,5.7,5.65,2.32,2.3,2.31,2.32,5.21,5.65,5.25,3.49,3.5,3.5,3.48
0.47,0.3,0.33,0.31,0.29,0.29,0.27,0.33,5.7,5.68,0.63,0.56,0.54,0.59,0.56,0.57,0.62,5.66,5.68,1.22,1.16,1.15,1.16,1.19,1.15,1.11,5.64,5.64,2.35,2.32,2.35,2.31,2.3,5.27,5.65,5.25,3.51,3.49,3.49,3.53
0.45,0.34,0.32,0.28,0.29,0.29,0.3,0.33,5.7,5.7,0.58,0.55,0.59,0.59,0.55,0.6,0.62,5.68,5.68,1.18,1.16,1.15,1.15,1.19,1.1,1.17,5.68,5.64,5.68,2.32,2.32,2.3,2.31,5.22,5.65,5.26,3.51,3.51,3.54,3.53
0.42,0.34,0.33,0.28,0.29,0.29,0.3,0.33,5.68,5.68,0.58,0.55,0.59,0.59,0.56,0.56,0.57,5.68,5.65,1.18,1.16,1.15,1.19,1.14,1.15,1.16,5.69,5.65,2.34,2.32,2.3,2.31,2.35,5.26,5.65,5.25,3.52,3.51,3.49,3.53
0.41,0.34,0.32,0.28,0.29,0.29,0.3,0.33,5.65,5.7,0.58,0.6,0.55,0.49,0.6,0.6,0.52,5.68,5.68,1.18,1.16,1.15,1.14,1.14,1.15,1.16,5.7,5.65,2.39,2.31,2.31,2.31,2.3,5.23,5.69,5.21,3.5,3.51,3.51,3.53
5.63,0.29,0.32,0.31,0.29,0.26,0.3,0.33,5.68,5.68,0.62,0.6,0.59,0.54,0.6,0.55,0.52,5.69,5.7,1.18,1.17,1.19,1.16,1.19,1.15,1.16,5.68,5.65,5.68,2.32,2.32,2.31,2.27,5.23,5.68,5.26,3.52,3.54,3.53,3.52
5.68,0.32,0.32,0.28,0.29,0.29,0.27,0.33,5.65,5.65,0.59,0.55,0.54,0.54,0.6,0.6,0.56,5.68,5.68,1.18,1.21,1.15,1.15,1.14,1.15,1.21,5.68,5.63,2.39,2.32,2.32,2.34,2.35,5.26,5.68,5.25,3.49,3.48,3.5,3.52
5.69,0.32,0.32,0.28,0.29,0.29,0.27,0.33,5.65,5.7,0.62,0.6,0.59,0.54,0.6,0.55,0.61,5.68,5.63,1.17,1.12,1.16,1.14,1.14,1.15,1.16,5.69,5.66,5.65,2.32,2.31,2.34,2.32,5.26,5.69,5.25,3.54,3.51,3.53,3.54
5.69,0.32,0.32,0.28,0.29,0.29,0.3,0.33,5.65,5.7,0.59,0.55,0.54,0.55,0.6,0.55,0.61,5.64,5.68,1.18,1.17,1.16,1.14,1.16,1.16,1.16,5.69,5.66,5.69,2.31,2.3,2.31,2.27,5.26,5.68,5.25,3.54,3.53,3.5,3.52
5.65,0.29,0.32,0.31,0.26,0.29,0.3,0.33,5.68,5.7,0.59,0.57,0.55,0.59,0.55,0.6,0.62,5.68,5.69,1.22,1.16,1.16,1.15,1.15,1.1,1.21,5.68,5.69,2.35,2.32,2.3,2.3,2.35,5.26,5.65,5.26,3.51,3.5,3.5,3.53
0.41,0.29,0.32,0.28,0.26,0.29,0.3,0.33,5.68,5.68,0.53,0.6,0.59,0.59,0.55,0.55,0.62,5.69,5.64,1.17,1.16,1.15,1.15,1.19,1.2,1.16,5.65,5.68,2.35,2.32,2.3,2.34,2.32,5.21,5.68,5.26,3.46,3.54,3.48,3.57
0.44,0.29,0.32,0.28,0.29,0.29,0.27,0.33,5.7,5.7,0.62,0.55,0.59,0.54,0.55,0.6,0.52,5.68,5.68,1.18,1.16,1.15,1.14,1.15,1.15,1.16,5.68,5.63,2.3,2.35,2.31,2.34,2.35,5.25,5.3,5.23,3.52,3.51,3.53,3.53
0.43,0.29,0.33,0.28,0.29,0.29,0.3,0.33,5.65,5.65,0.63,0.55,0.59,0.59,0.55,0.51,0.62,5.68,5.64,1.18,1.21,1.15,1.15,1.15,1.15,1.16,5.68,5.65,5.69,2.32,2.35,2.3,2.35,5.28,5.65,5.21,3.5,3.54,3.45,3.54
0.4,0.34,0.33,0.28,0.29,0.29,0.3,0.33,5.68,5.65,0.54,0.62,0.54,0.59,0.6,0.56,0.62,5.68,5.65,1.18,1.21,1.14,1.14,1.14,1.15,1.21,5.66,5.65,5.65,2.32,2.34,2.31,2.35,5.26,5.69,5.22,3.5,3.5,3.5,3.53
0.43,0.34,0.29,0.31,0.29,0.29,0.27,0.33,5.66,5.68,0.59,0.55,0.59,0.54,0.56,0.57,0.61,5.63,5.68,1.22,1.21,1.19,1.16,1.15,1.15,1.12,5.68,5.69,2.35,2.32,2.35,2.31,2.35,5.22,5.68,5.25,3.46,3.49,3.48,3.52
0.44,0.34,0.32,0.28,0.29,0.29,0.3,0.33,5.65,5.7,0.58,0.62,0.59,0.54,0.55,0.6,0.52,5.68,5.65,1.18,1.16,1.15,1.15,1.15,1.15,1.17,5.68,5.68,2.36,2.32,2.31,2.34,2.3,5.27,5.68,5.21,3.51,3.51,3.53,3.53
0.44,0.3,0.32,0.28,0.29,0.29,0.3,0.33,5.65,5.65,0.63,0.51,0.59,0.54,0.55,0.57,0.57,5.68,5.68,1.18,1.12,1.15,1.16,1.15,1.15,1.16,5.68,5.68,5.7,2.32,2.35,2.34,2.32,5.26,5.65,5.22,3.51,3.46,3.49,3.52
0.43,0.34,0.32,0.28,0.26,0.26,0.3,0.33,5.68,5.7,0.58,0.62,0.59,0.54,0.55,0.6,0.52,5.63,5.68,1.18,1.17,1.14,1.14,1.14,1.15,1.16,5.7,5.68,2.35,2.31,2.3,2.3,2.35,5.23,5.65,5.25,3.54,3.49,3.5,3.56
0.43,0.29,0.32,0.28,0.29,0.26,0.3,0.33,5.68,5.65,0.57,0.62,0.61,0.54,0.6,0.6,0.62,5.68,5.69,1.17,1.17,1.19,1.1,1.19,1.15,1.11,5.68,5.68,2.35,2.32,2.31,2.3,2.32,5.23,5.69,5.21,3.51,3.5,3.51,3.52
0.44,0.32,0.28,0.28,0.29,0.29,0.3,0.33,5.65,5.63,0.62,0.6,0.54,0.54,0.6,0.6,0.62,5.68,5.68,1.18,1.16,1.15,1.14,1.1,1.2,1.21,5.68,5.68,2.35,2.31,2.31,2.34,2.32,5.21,5.66,5.25,3.54,3.54,3.49,3.53
0.44,0.32,0.32,0.28,0.29,0.29,0.3,0.33,5.68,5.7,0.63,0.52,0.54,0.59,0.6,0.6,0.58,5.64,5.68,1.18,1.16,1.16,1.14,1.16,1.15,1.16,5.68,5.66,5.69,2.32,2.32,2.31,2.35,5.21,5.69,5.21,3.51,3.51,3.53,3.54
0.44,0.32,0.32,0.28,0.29,0.29,0.3,0.33,5.65,5.7,0.62,0.62,0.54,0.59,0.6,0.6,0.57,5.68,5.69,1.22,1.17,1.16,1.15,1.1,1.16,1.16,5.69,5.66,2.35,2.32,2.32,2.3,2.32,5.26,5.65,5.21,3.51,3.51,3.5,3.48
0.41,0.32,0.32,0.28,0.29,0.26,0.3,0.33,5.7,5.65,0.62,0.62,0.55,0.59,0.6,0.6,0.52,5.68,5.65,1.22,1.16,1.16,1.15,1.14,1.15,1.21,5.69,5.68,5.69,2.28,2.32,2.31,2.35,5.22,5.64,5.21,3.54,3.51,3.48,3.56
0.41,0.29,0.32,0.28,0.29,0.29,0.3,0.33,0.86,5.68,0.57,0.57,0.59,0.59,0.55,0.6,0.57,5.69,5.68,1.23,1.12,1.19,1.15,1.15,1.15,1.16,5.7,5.7,2.34,2.32,2.32,2.34,2.32,5.26,5.68,5.21,3.49,3.48,3.5,3.52
0.44,0.32,0.32,0.28,0.26,0.29,0.3,0.33,0.9,5.65,0.62,0.6,0.54,0.59,0.55,0.5,0.61,5.69,5.65,1.18,1.21,1.15,1.14,1.19,1.15,1.21,5.65,5.63,5.68,2.32,2.35,2.31,2.3,5.28,5.69,5.23,3.51,3.53,3.49,3.52
0.44,0.32,0.32,0.28,0.26,0.29,0.3,0.33,0.91,5.63,0.57,0.57,0.54,0.59,0.6,0.6,0.52,5.69,5.65,1.17,1.21,1.15,1.14,1.15,1.2,1.16,5.68,5.68,2.34,2.32,2.32,2.32,2.36,5.26,5.68,5.26,3.49,3.51,3.5,3.54
0.4,0.3,0.32,0.31,0.29,0.29,0.3,0.33,0.9,5.68,0.57,0.62,0.54,0.54,0.55,0.6,0.57,5.68,5.66,1.17,1.21,1.15,1.14,1.14,1.15,1.16,5.68,5.68,5.64,2.32,2.32,2.34,2.32,5.26,5.68,5.26,3.51,3.5,3.5,3.54
0.44,0.34,0.32,0.28,0.29,0.29,0.3,0.33,0.9,5.65,0.58,0.62,0.54,0.59,0.56,0.57,0.61,5.68,5.68,1.18,1.16,1.15,1.16,1.15,1.15,1.16,5.68,5.69,2.35,2.31,2.34,2.34,2.3,5.26,5.69,5.26,3.49,3.46,3.49,3.57
0.44,0.34,0.32,0.28,0.26,0.29,0.3,0.33,0.9,5.68,0.58,0.62,0.54,0.54,0.6,0.56,0.52,5.64,5.68,1.18,1.16,1.19,1.15,1.15,1.1,1.17,5.68,5.69,2.34,2.32,2.32,2.32,2.3,5.23,5.64,5.27,3.54,3.46,3.53,3.52
0.44,0.34,0.32,0.28,0.29,0.29,0.32,0.33,0.92,5.65,0.62,0.57,0.59,0.54,0.56,0.57,0.61,5.68,5.65,1.22,1.16,1.15,1.16,1.14,1.15,1.16,5.65,5.68,5.68,2.31,2.3,2.31,2.32,5.22,5.68,5.23,3.49,3.5,3.49,3.54
0.38,0.29,0.32,0.28,0.26,0.29,0.26,0.33,0.9,5.7,0.62,0.62,0.54,0.54,0.5,0.6,0.62,5.63,5.7,1.18,1.17,1.14,1.1,1.14,1.15,1.21,5.68,5.69,2.35,2.31,2.31,2.27,2.27,5.26,5.65,5.25,3.51,3.48,3.48,3.53
0.44,0.29,0.32,0.28,0.26,0.29,0.29,0.33,0.85,5.65,0.53,0.57,0.59,0.54,0.55,0.56,0.62,5.69,5.65,1.22,1.17,1.14,1.15,1.15,1.15,1.16,5.64,5.68,2.34,2.32,2.3,2.32,2.3,5.21,5.69,5.26,3.54,3.49,3.5,3.53
0.44,0.32,0.32,0.31,0.29,0.29,0.26,0.33,0.9,5.65,0.62,0.62,0.59,0.59,0.55,0.55,0.62,5.68,5.65,1.18,1.12,1.1,1.14,1.14,1.15,1.16,5.68,5.68,2.35,2.32,2.35,2.35,2.35,5.23,5.66,5.25,3.51,3.51,3.45,3.54
0.43,0.29,0.32,0.28,0.26,0.26,0.27,0.33,0.87,5.7,0.58,0.61,0.54,0.54,0.55,0.56,0.61,5.68,5.66,1.18,1.16,1.16,1.19,1.16,1.15,1.16,5.69,5.65,2.36,2.31,2.3,2.34,2.35,5.22,5.69,5.26,3.49,3.5,3.5,3.53
0.44,0.32,0.32,0.31,0.29,0.29,0.27,0.33,0.91,5.7,0.58,0.52,0.54,0.59,0.55,0.6,0.62,5.68,5.69,1.18,1.17,1.16,1.14,1.16,1.16,1.16,5.69,5.69,2.34,2.32,2.34,2.34,2.31,5.27,5.68,5.25,3.54,3.49,3.45,3.53
0.44,0.32,0.32,0.31,0.26,0.29,0.27,0.33,0.87,5.68,0.58,0.62,0.54,0.59,0.6,0.56,0.62,5.68,5.68,1.18,1.16,1.16,1.15,1.16,1.15,1.21,5.69,5.69,2.4,2.31,2.3,2.3,2.32,5.22,5.65,5.27,3.51,3.46,3.49,3.54
0.44,0.3,0.32,0.28,0.26,0.29,0.3,0.33,5.7,5.68,0.62,0.62,0.59,0.59,0.6,0.56,0.62,5.65,5.68,1.22,1.16,1.19,1.19,1.19,1.15,1.21,5.68,5.64,2.35,2.32,2.34,2.31,2.32,5.22,5.68,5.25,3.51,3.51,3.53,3.57
0.44,0.3,0.28,0.28,0.26,0.29,0.27,0.33,5.66,5.69,0.53,0.58,0.54,0.54,0.55,0.55,0.56,5.68,5.68,1.18,1.16,1.14,1.14,1.15,1.15,1.11,5.68,5.69,2.36,2.36,2.3,2.3,2.32,5.26,5.66,5.26,3.51,3.51,3.49,3.53
0.43,0.3,0.32,0.31,0.26,0.29,0.3,0.33,5.7,5.68,0.53,0.62,0.59,0.58,0.55,0.56,0.62,5.68,5.68,1.18,1.21,1.15,1.15,1.15,1.2,1.11,5.63,5.68,2.4,2.32,2.3,2.3,2.32,5.26,5.69,5.25,3.54,3.51,3.48,3.52
0.44,0.3,0.32,0.28,0.29,0.29,0.3,0.33,5.7,5.7,0.62,0.61,0.54,0.59,0.6,0.6,0.57,5.68,5.66,1.17,1.21,1.15,1.15,1.15,1.15,1.16,5.66,5.68,2.36,2.32,2.31,2.32,2.32,5.22,5.68,5.21,3.49,3.49,3.5,3.54
0.38,0.3,0.32,0.28,0.29,0.26,0.29,0.33,5.66,5.66,0.57,0.61,0.59,0.59,0.56,0.57,0.61,5.66,5.68,1.18,1.16,1.19,1.16,1.19,1.15,1.16,5.68,5.68,2.3,2.32,2.31,2.35,2.35,5.27,5.69,5.21,3.51,3.51,3.5,3.53
0.44,0.32,0.32,0.28,0.29,0.29,0.29,0.33,5.65,5.68,0.63,0.57,0.54,0.55,0.55,0.6,0.56,5.65,5.63,1.22,1.16,1.15,1.15,1.19,1.15,1.17,5.69,5.68,2.35,2.32,2.32,2.32,2.27,5.27,5.64,5.26,3.51,3.51,3.53,3.52
0.44,0.32,0.32,0.28,0.29,0.26,0.31,0.33,5.68,5.65,0.62,0.62,0.61,0.59,0.56,0.56,0.57,5.68,5.68,1.18,1.16,1.15,1.16,1.15,1.2,1.11,5.63,5.69,2.34,2.31,2.35,2.3,2.36,5.23,5.66,5.23,3.51,3.45,3.5,3.56
0.44,0.32,0.32,0.28,0.29,0.29,0.29,0.33,0.91,5.7,0.58,0.61,0.61,0.59,0.6,0.55,0.57,5.68,5.68,1.18,1.16,1.09,1.15,1.14,1.15,1.16,5.68,5.64,2.34,2.31,2.31,2.32,2.27,5.26,5.64,5.21,3.54,3.49,3.5,3.54
0.38,0.32,0.32,0.28,0.26,0.29,0.29,0.33,0.88,5.68,0.62,0.62,0.56,0.59,0.6,0.55,0.62,5.68,5.65,1.18,1.17,1.19,1.14,1.19,1.15,1.16,5.65,5.64,2.34,2.36,2.3,2.31,2.27,5.24,5.68,5.26,3.54,3.49,3.53,3.54
0.44,0.32,0.32,0.28,0.26,0.29,0.29,0.33,5.68,5.65,0.58,0.61,0.56,0.59,0.55,0.6,0.57,5.64,5.65,1.18,1.16,1.15,1.15,1.14,1.15,1.17,5.63,5.64,2.34,2.32,2.3,2.35,2.32,5.23,5.66,5.26,3.49,3.49,3.51,3.53
0.44,0.32,0.32,0.28,0.29,0.29,0.26,0.33,0.91,5.69,0.62,0.62,0.61,0.54,0.55,0.6,0.57,5.68,5.66,1.19,1.16,1.16,1.15,1.16,1.15,1.16,5.69,5.65,2.39,2.31,2.31,2.3,2.36,5.26,5.69,5.21,3.5,3.51,3.5,3.49
0.4,0.34,0.32,0.28,0.29,0.29,0.3,0.33,0.88,5.68,0.62,0.57,0.56,0.55,0.55,0.55,0.52,5.68,5.66,1.18,1.21,1.16,1.15,1.14,1.16,1.16,5.69,5.65,2.29,2.32,2.32,2.34,2.32,5.27,5.64,5.21,3.54,3.48,3.5,3.53
0.41,0.34,0.33,0.28,0.26,0.26,0.3,0.33,0.88,5.7,0.53,0.57,0.61,0.59,0.6,0.6,0.62,5.69,5.68,1.18,1.16,1.16,1.15,1.16,1.15,1.21,5.7,5.63,2.41,2.31,2.31,2.32,2.36,5.21,5.68,5.26,3.51,3.51,3.45,3.53
0.43,0.34,0.33,0.31,0.29,0.29,0.3,0.33,0.93,5.7,0.62,0.57,0.56,0.59,0.55,0.51,0.57,5.68,5.69,1.18,1.16,1.15,1.14,1.15,1.15,1.21,5.68,5.64,2.36,2.32,2.34,2.34,2.31,5.26,5.68,5.26,3.51,3.5,3.5,3.57
0.44,0.34,0.33,0.28,0.29,0.29,0.3,0.33,0.92,5.68,0.62,0.55,0.56,0.59,0.55,0.51,0.56,5.68,5.68,1.17,1.21,1.1,1.15,1.19,1.2,1.16,5.68,5.68,2.34,2.36,2.34,2.34,2.36,5.26,5.66,5.23,3.49,3.51,3.49,3.53
0.43,0.34,0.32,0.28,0.29,0.29,0.3,0.29,0.88,5.65,0.58,0.57,0.61,0.59,0.55,0.6,0.52,5.68,5.65,1.13,1.16,1.15,1.15,1.15,1.15,1.17,5.68,5.64,2.34,2.32,2.35,2.32,2.35,5.26,5.69,5.27,3.52,3.51,3.45,3.53
0.4,0.3,0.32,0.28,0.26,0.29,0.29,0.33,0.91,5.66,0.62,0.57,0.56,0.59,0.6,0.6,0.57,5.68,5.66,1.17,1.21,1.15,1.15,1.14,1.1,1.16,5.66,5.64,5.68,2.31,2.31,2.31,2.32,5.26,5.69,5.26,3.52,3.5,3.48,3.53
0.44,0.3,0.28,0.28,0.29,0.29,0.29,0.33,0.91,5.7,0.58,0.62,0.61,0.59,0.56,0.57,0.57,5.66,5.69,1.22,1.21,1.15,1.16,1.19,1.15,1.17,5.68,5.69,2.36,2.31,2.35,2.31,2.32,5.27,5.68,5.22,3.51,3.48,3.45,3.53
0.44,0.34,0.28,0.31,0.29,0.29,0.29,0.33,0.92,5.68,0.58,0.62,0.61,0.55,0.55,0.56,0.56,5.65,5.68,1.18,1.16,1.19,1.19,1.19,1.15,1.17,5.69,5.64,2.29,2.31,2.35,2.35,2.32,5.25,5.63,5.21,3.51,3.49,3.53,3.53
0.43,0.34,0.32,0.28,0.26,0.26,0.29,0.33,0.88,5.68,0.63,0.52,0.56,0.59,0.55,0.57,0.57,5.68,5.64,1.18,1.16,1.1,1.16,1.14,1.16,1.16,5.68,5.68,2.35,2.31,2.31,2.31,2.31,5.22,5.66,5.22,3.54,3.5,3.5,3.56
0.44,0.34,0.33,0.28,0.29,0.26,0.26,0.33,0.86,5.68,0.62,0.62,0.61,0.54,0.6,0.56,0.57,5.63,5.68,1.22,1.21,1.15,1.15,1.14,1.15,1.16,5.68,5.68,5.68,2.27,2.26,2.32,2.36,5.28,5.69,5.21,3.54,3.48,3.49,3.53
0.43,0.34,0.32,0.26,0.26,0.29,0.27,0.33,0.88,5.68,0.57,0.57,0.56,0.59,0.55,0.6,0.61,5.7,5.69,1.18,1.16,1.15,1.1,1.14,1.15,1.16,5.68,5.65,2.34,2.31,2.32,2.31,2.32,5.26,5.68,5.26,3.51,3.49,3.48,3.57
0.44,0.3,0.33,0.31,0.29,0.29,0.27,0.33,0.9,5.65,0.62,0.62,0.61,0.59,0.55,0.61,0.61,5.65,5.68,1.18,1.21,1.15,1.1,1.14,1.15,1.17,5.64,5.63,5.69,2.32,2.31,2.34,2.36,5.24,5.66,5.25,3.51,3.51,3.51,3.53
0.44,0.34,0.33,0.29,0.29,0.29,0.3,0.33,0.92,5.68,0.62,0.62,0.52,0.54,0.55,0.56,0.61,5.68,5.68,1.17,1.16,1.16,1.15,1.15,1.1,1.17,5.68,5.68,2.35,2.31,2.31,2.3,2.36,5.26,5.68,5.25,3.55,3.51,3.53,3.53
0.44,0.34,0.33,0.28,0.29,0.29,0.3,0.33,0.88,5.7,0.62,0.62,0.52,0.55,0.6,0.55,0.57,5.7,5.66,1.18,1.17,1.15,1.15,1.16,1.16,1.16,5.68,5.66,5.68,2.31,2.32,2.34,2.27,5.26,5.63,5.25,3.55,3.45,3.5,3.53
0.41,0.34,0.33,0.31,0.29,0.26,0.3,0.33,5.7,5.65,0.58,0.57,0.56,0.49,0.6,0.6,0.61,5.64,5.68,1.18,1.16,1.16,1.19,1.16,1.15,1.21,5.68,5.68,2.32,2.31,2.27,2.32,2.3,5.22,5.63,5.26,3.49,3.51,3.48,3.53
0.41,0.3,0.33,0.28,0.26,0.29,0.3,0.33,5.66,5.68,0.58,0.57,0.61,0.54,0.5,0.55,0.61,5.69,5.68,1.17,1.16,1.19,1.15,1.15,1.2,1.21,5.68,5.68,2.39,2.32,2.35,2.31,2.27,5.22,5.68,5.25,3.51,3.5,3.53,3.56
0.38,0.34,0.33,0.31,0.26,0.29,0.3,0.33,5.68,5.7,0.62,0.57,0.56,0.59,0.55,0.6,0.62,5.7,5.68,1.13,1.16,1.15,1.14,1.15,1.15,1.16,5.68,5.65,2.39,2.32,2.26,2.3,2.35,5.26,5.66,5.23,3.49,3.49,3.49,3.56
0.43,0.3,0.28,0.31,0.29,0.29,0.3,0.33,5.69,5.65,0.62,0.62,0.61,0.54,0.55,0.51,0.61,5.68,5.63,1.17,1.16,1.1,1.15,1.14,1.2,1.16,5.68,5.68,2.36,2.31,2.3,2.31,2.32,5.26,5.63,5.21,3.51,3.54,3.48,3.57
0.44,0.3,0.32,0.31,0.29,0.29,0.27,0.33,5.65,5.68,0.57,0.55,0.56,0.54,0.6,0.5,0.57,5.68,5.68,1.17,1.21,1.15,1.14,1.14,1.15,1.17,5.68,5.69,5.64,2.32,2.35,2.31,2.31,5.26,5.7,5.26,3.51,3.5,3.48,3.52
0.4,0.34,0.32,0.28,0.29,0.29,0.27,0.33,5.65,5.65,0.62,0.57,0.56,0.59,0.56,0.57,0.62,5.68,5.68,1.22,1.21,1.19,1.16,1.15,1.15,1.16,5.64,5.68,2.35,2.31,2.3,2.35,2.36,5.27,5.7,5.27,3.46,3.51,3.49,3.57
0.44,0.34,0.32,0.31,0.29,0.29,0.3,0.33,5.65,5.7,0.59,0.52,0.61,0.55,0.55,0.6,0.62,5.64,5.68,1.18,1.16,1.19,1.15,1.14,1.15,1.17,5.69,5.64,2.3,2.32,2.27,2.31,2.3,5.27,5.68,5.21,3.51,3.5,3.5,3.53
0.44,0.34,0.32,0.26,0.29,0.29,0.3,0.33,5.66,5.68,0.58,0.62,0.6,0.59,0.56,0.6,0.62,5.64,5.68,1.18,1.16,1.15,1.16,1.15,1.2,1.16,5.68,5.69,2.4,2.31,2.3,2.3,2.31,5.22,5.68,5.23,3.49,3.5,3.49,3.52
0.4,0.34,0.32,0.3,0.26,0.29,0.3,0.33,0.92,5.7,0.62,0.57,0.61,0.59,0.6,0.56,0.62,5.68,5.68,1.18,1.17,1.15,1.14,1.15,1.1,1.16,5.68,5.65,2.39,2.32,2.31,2.26,2.31,5.24,5.65,5.25,3.49,3.48,3.49,3.48
0.38,0.34,0.33,0.3,0.29,0.26,0.27,0.33,0.86,5.65,0.63,0.57,0.51,0.54,0.55,0.56,0.52,5.64,5.68,1.12,1.17,1.19,1.15,1.14,1.15,1.12,5.68,5.63,5.65,2.27,2.3,2.31,2.3,5.22,5.7,5.25,3.54,3.49,3.54,3.53
0.44,0.34,0.33,0.31,0.29,0.29,0.3,0.33,0.89,5.68,0.61,0.57,0.61,0.59,0.55,0.6,0.62,5.64,5.65,1.18,1.16,1.1,1.15,1.15,1.2,1.21,5.64,5.68,2.35,2.27,2.31,2.3,2.35,5.24,5.66,5.25,3.54,3.48,3.51,3.53
0.44,0.34,0.33,0.31,0.29,0.29,0.3,0.33,0.89,5.68,0.52,0.57,0.56,0.59,0.6,0.6,0.58,5.64,5.65,1.18,1.16,1.16,1.14,1.16,1.15,1.17,5.69,5.68,2.39,2.27,2.31,2.31,2.3,5.26,5.63,5.25,3.49,3.49,3.53,3.53
0.44,0.3,0.33,0.31,0.29,0.26,0.3,0.33,0.9,5.7,0.57,0.57,0.56,0.54,0.6,0.6,0.62,5.69,5.65,1.18,1.16,1.15,1.15,1.14,1.16,1.17,5.68,5.66,5.65,2.35,2.31,2.3,2.27,5.22,5.68,5.21,3.54,3.54,3.5,3.52
0.41,0.34,0.33,0.28,0.29,0.26,0.27,0.33,0.87,5.7,0.58,0.61,0.61,0.59,0.55,0.6,0.62,5.68,5.68,1.17,1.16,1.16,1.15,1.16,1.15,1.17,5.68,5.68,2.37,2.27,2.3,2.32,2.32,5.26,5.65,5.26,3.51,3.5,3.5,3.52
0.44,0.34,0.33,0.31,0.29,0.26,0.3,0.33,0.85,5.68,0.57,0.57,0.56,0.54,0.6,0.56,0.61,5.68,5.68,1.18,1.16,1.15,1.1,1.19,1.15,1.17,5.68,5.68,2.39,2.32,2.34,2.32,2.32,5.26,5.68,5.25,3.51,3.54,3.51,3.57
0.4,0.34,0.32,0.28,0.29,0.26,0.3,0.33,0.83,5.63,0.53,0.57,0.56,0.54,0.5,0.6,0.56,5.68,5.69,1.18,1.16,1.15,1.15,1.19,1.15,1.16,5.69,5.68,2.36,2.32,2.31,2.31,2.3,5.24,5.68,5.23,3.49,3.5,3.49,3.54
0.44,0.3,0.32,0.28,0.29,0.29,0.3,0.29,0.88,5.65,0.63,0.62,0.6,0.59,0.55,0.6,0.56,5.64,5.65,1.13,1.16,1.15,1.14,1.15,1.15,1.12,5.63,5.68,5.68,2.32,2.34,2.32,2.32,5.26,5.65,5.26,3.49,3.5,3.49,3.52
0.44,0.34,0.32,0.28,0.29,0.29,0.27,0.29,0.85,5.7,0.58,0.61,0.61,0.54,0.6,0.56,0.62,5.68,5.66,1.18,1.16,1.15,1.15,1.15,1.1,1.16,5.68,5.68,2.35,2.32,2.35,2.34,2.35,5.22,5.69,5.21,3.51,3.49,3.5,3.51
0.44,0.34,0.29,0.26,0.29,0.29,0.3,0.33,0.88,5.68,0.57,0.57,0.56,0.59,0.56,0.57,0.62,5.68,5.68,1.22,1.21,1.19,1.16,1.14,1.15,1.16,5.68,5.68,5.65,2.32,2.34,2.34,2.32,5.27,5.68,5.21,3.51,3.49,3.49,3.53
0.4,0.34,0.33,0.3,0.29,0.29,0.3,0.33,0.87,5.68,0.57,0.62,0.56,0.55,0.6,0.56,0.56,5.64,5.65,1.13,1.16,1.15,1.19,1.19,1.15,1.17,5.64,5.69,2.3,2.32,2.34,2.3,2.3,5.26,5.68,5.21,3.5,3.5,3.49,3.53
0.44,0.34,0.33,0.3,0.29,0.29,0.3,0.33,0.88,5.63,0.57,0.62,0.6,0.59,0.56,0.56,0.61,5.64,5.68,1.22,1.16,1.15,1.16,1.14,1.15,1.16,5.68,5.68,2.35,2.27,2.31,2.35,2.32,5.23,5.66,5.23,3.49,3.51,3.5,3.52
0.44,0.34,0.33,0.31,0.29,0.26,0.3,0.29,0.88,5.68,0.61,0.62,0.6,0.54,0.5,0.6,0.62,5.64,5.68,1.22,1.17,1.15,1.15,1.1,1.15,1.21,5.68,5.68,2.35,2.32,2.32,2.31,2.35,5.23,5.63,5.26,3.51,3.51,3.51,3.53
0.38,0.34,0.31,0.28,0.29,0.29,0.27,0.33,0.8,5.65,0.52,0.62,0.56,0.54,0.55,0.6,0.62,5.68,5.69,1.18,1.17,1.14,1.1,1.14,1.15,1.16,5.68,5.68,5.69,2.32,2.3,2.32,2.3,5.26,5.69,5.27,3.51,3.54,3.51,3.52
0.4,0.3,0.31,0.28,0.29,0.29,0.3,0.33,0.84,5.68,0.62,0.61,0.61,0.54,0.55,0.6,0.62,5.63,5.68,1.17,1.16,1.14,1.14,1.14,1.1,1.16,5.68,5.68,2.41,2.32,2.31,2.26,2.3,5.24,5.65,5.27,3.51,3.49,3.49,3.53
0.44,0.34,0.31,0.28,0.29,0.29,0.3,0.33,0.89,5.7,0.62,0.62,0.51,0.54,0.6,0.6,0.61,5.65,5.66,1.18,1.16,1.16,1.15,1.14,1.15,1.16,5.69,5.65,2.34,2.32,2.34,2.31,2.35,5.26,5.65,5.27,3.51,3.54,3.51,3.53
0.43,0.34,0.31,0.28,0.29,0.26,0.27,0.33,5.69,5.68,0.62,0.57,0.61,0.59,0.6,0.55,0.62,5.68,5.68,1.22,1.21,1.14,1.15,1.16,1.16,1.16,5.68,5.65,5.68,2.32,2.35,2.32,2.27,2.38,5.68,5.26,3.49,3.49,3.48,3.52
0.41,0.34,0.33,0.28,0.29,0.29,0.27,0.33,5.66,5.7,0.58,0.62,0.56,0.59,0.6,0.55,0.52,5.68,5.69,1.18,1.16,1.16,1.15,1.16,1.15,1.16,5.69,5.68,2.4,2.27,2.3,2.31,2.3,5.21,5.68,5.22,3.49,3.54,3.51,3.53
0.41,0.34,0.32,0.31,0.26,0.29,0.3,0.33,5.69,5.68,0.62,0.57,0.56,0.54,0.5,0.55,0.57,5.7,5.69,1.18,1.16,1.19,1.15,1.15,1.15,1.16,5.68,5.68,5.65,2.31,2.35,2.34,2.32,5.21,5.68,5.26,3.51,3.51,3.51,3.57
0.43,0.34,0.32,0.31,0.29,0.26,0.3,0.33,5.69,5.68,0.63,0.58,0.61,0.59,0.55,0.6,0.62,5.7,5.68,1.18,1.16,1.15,1.15,1.15,1.15,1.16,5.68,5.66,2.35,2.32,2.3,2.3,2.36,5.22,5.66,5.23,3.51,3.53,3.51,3.56
0.44,0.3,0.32,0.28,0.26,0.29,0.3,0.33,5.68,5.64,0.58,0.62,0.56,0.59,0.6,0.55,0.56,5.69,5.65,1.18,1.21,1.15,1.14,1.14,1.2,1.16,5.68,5.68,5.68,2.32,2.3,2.35,2.36,2.34,5.68,5.26,3.47,3.53,3.49,3.56
0.44,0.34,0.32,0.28,0.29,0.29,0.3,0.33,5.68,5.68,0.62,0.61,0.61,0.59,0.55,0.55,0.52,5.63,5.66,1.12,1.16,1.15,1.15,1.15,1.15,1.21,5.66,5.68,2.35,2.31,2.3,2.31,2.32,5.26,5.68,5.25,3.49,3.49,3.5,3.56
0.44,0.34,0.33,0.28,0.26,0.29,0.3,0.33,5.65,5.66,0.58,0.57,0.61,0.54,0.56,0.56,0.57,5.65,5.69,1.18,1.16,1.15,1.16,1.14,1.15,1.16,5.68,5.7,5.69,2.32,2.32,2.3,2.32,5.21,5.69,5.21,3.52,3.51,3.5,3.53
0.43,0.34,0.31,0.28,0.29,0.29,0.3,0.33,5.68,5.7,0.62,0.57,0.51,0.55,0.6,0.56,0.52,5.68,5.65,1.18,1.16,1.15,1.15,1.19,1.15,1.17,5.68,5.68,2.35,2.31,2.35,2.34,2.32,5.21,5.68,5.21,3.51,3.5,3.51,3.52
0.44,0.34,0.27,0.31,0.29,0.29,0.3,0.33,0.92,5.65,0.62,0.57,0.56,0.49,0.56,0.56,0.57,5.68,5.68,1.22,1.16,1.15,1.16,1.15,1.16,1.16,5.68,5.7,2.36,2.31,2.32,2.32,2.31,5.26,5.66,5.23,3.51,3.45,3.51,3.56
0.44,0.34,0.31,0.28,0.29,0.29,0.3,0.33,0.86,5.7,0.58,0.57,0.61,0.59,0.55,0.56,0.62,5.68,5.68,1.22,1.17,1.15,1.15,1.14,1.15,1.21,5.69,5.68,2.35,2.31,2.31,2.31,2.35,5.27,5.68,5.21,3.51,3.48,3.51,3.53
0.44,0.3,0.31,0.28,0.26,0.29,0.3,0.33,0.89,5.65,0.58,0.57,0.56,0.59,0.55,0.6,0.56,5.65,5.68,1.18,1.17,1.15,1.15,1.15,1.15,1.16,5.68,5.68,5.65,2.27,2.31,2.31,2.3,2.34,5.68,5.26,3.51,3.53,3.53,3.53
0.43,0.34,0.33,0.28,0.29,0.29,0.3,0.33,0.89,5.68,0.63,0.57,0.61,0.59,0.55,0.56,0.57,5.64,5.68,1.17,1.16,1.15,1.15,1.1,1.15,1.21,5.68,5.64,2.3,2.31,2.31,2.3,2.32,5.25,5.66,5.26,3.51,3.45,3.45,3.53
0.4,0.34,0.32,0.26,0.29,0.29,0.27,0.33,0.9,5.7,0.57,0.57,0.51,0.54,0.6,0.51,0.62,5.68,5.68,1.18,1.16,1.15,1.14,1.1,1.15,1.16,5.68,5.66,5.68,2.32,2.34,2.35,2.36,5.26,5.63,5.26,3.54,3.53,3.53,3.53
0.43,0.34,0.32,0.3,0.29,0.29,0.27,0.33,0.9,5.68,0.58,0.61,0.56,0.55,0.6,0.56,0.62,5.68,5.68,1.18,1.21,1.16,1.15,1.15,1.16,1.16,5.68,5.66,2.38,2.36,2.31,2.31,2.32,2.39,5.65,5.22,3.51,3.53,3.48,3.53
0.41,0.34,0.32,0.27,0.29,0.29,0.3,0.33,0.89,5.65,0.61,0.62,0.61,0.59,0.6,0.6,0.62,5.68,5.68,1.22,1.16,1.16,1.15,1.16,1.15,1.16,5.7,5.68,5.68,2.32,2.31,2.31,2.31,5.25,5.65,5.21,3.5,3.48,3.48,3.54
0.41,0.34,0.32,0.28,0.29,0.29,0.3,0.33,0.9,5.68,0.58,0.62,0.56,0.59,0.6,0.6,0.57,5.68,5.68,1.18,1.12,1.19,1.14,1.14,1.2,1.16,5.7,5.7,2.34,2.31,2.31,2.31,2.32,5.23,5.68,5.26,3.49,3.49,3.45,3.52
0.44,0.34,0.33,0.31,0.29,0.29,0.3,0.33,0.9,5.7,0.63,0.62,0.51,0.59,0.5,0.51,0.52,5.65,5.63,1.22,1.16,1.15,1.19,1.19,1.15,1.16,5.68,5.68,2.36,2.36,2.34,2.35,2.35,5.22,5.65,5.23,3.49,3.5,3.49,3.52
0.43,0.34,0.33,0.32,0.26,0.26,0.3,0.33,0.83,5.65,0.63,0.62,0.56,0.59,0.5,0.51,0.52,5.68,5.68,1.18,1.21,1.15,1.15,1.15,1.15,1.16,5.65,5.63,2.31,2.32,2.31,2.31,2.35,5.22,5.68,5.27,3.51,3.5,3.48,3.53
0.44,0.34,0.31,0.28,0.29,0.26,0.3,0.33,0.83,5.66,0.58,0.57,0.51,0.54,0.6,0.6,0.52,5.68,5.68,1.17,1.16,1.14,1.15,1.15,1.15,1.16,5.66,5.69,2.35,2.32,2.32,2.32,2.31,5.27,5.68,5.25,3.54,3.49,3.51,3.53
0.43,0.34,0.31,0.28,0.26,0.29,0.3,0.33,0.9,5.68,0.58,0.62,0.56,0.59,0.56,0.57,0.62,5.63,5.68,1.22,1.21,1.14,1.16,1.19,1.15,1.16,5.63,5.64,5.7,2.36,2.3,2.31,2.32,5.26,5.68,5.25,3.49,3.49,3.49,3.52
0.43,0.34,0.33,0.26,0.26,0.29,0.3,0.33,0.64,5.7,0.59,0.57,0.61,0.55,0.54,0.6,0.58,5.68,5.68,1.18,1.16,1.19,1.15,1.15,1.15,1.16,5.69,5.68,2.36,2.31,2.27,1.41,2.32,5.26,5.68,5.25,3.5,3.48,3.51,3.52
0.4,0.34,0.29,0.31,0.29,0.29,0.3,0.33,0.83,5.65,0.63,0.57,0.6,0.59,0.6,0.57,0.57,5.64,5.68,1.22,1.16,1.14,1.16,1.14,1.2,1.12,5.65,5.68,2.29,2.32,2.35,2.3,2.35,5.26,5.68,5.23,3.46,3.5,3.49,3.56
0.38,0.34,0.29,0.31,0.29,0.26,0.3,0.33,0.91,5.7,0.63,0.62,0.56,0.54,0.6,0.6,0.62,5.63,5.68,1.18,1.16,1.15,1.15,1.15,1.2,1.16,5.65,5.7,5.69,2.32,2.31,2.32,2.3,5.26,5.65,5.21,3.51,3.51,3.48,3.48
0.44,0.34,0.33,0.28,0.29,0.29,0.3,0.33,0.88,5.68,0.57,0.6,0.51,0.59,0.5,0.6,0.56,5.68,5.68,1.18,1.21,1.19,1.1,1.15,1.15,1.17,5.68,5.64,2.38,2.36,2.3,2.32,2.3,5.21,5.69,5.21,3.5,3.5,3.48,3.56
0.44,0.3,0.33,0.28,0.29,0.26,0.27,0.33,0.88,5.68,0.62,0.61,0.61,0.59,0.6,0.6,0.57,5.68,5.64,1.17,1.16,1.14,1.1,1.1,1.15,1.16,5.68,5.64,2.36,2.32,2.27,2.34,2.32,5.27,5.68,5.21,3.46,3.46,3.48,3.53
0.44,0.34,0.33,0.28,0.26,0.26,0.3,0.33,0.89,5.68,0.63,0.6,0.61,0.59,0.55,0.55,0.57,5.68,5.66,1.17,1.16,1.15,1.15,1.15,1.15,1.17,5.68,5.65,2.35,2.32,2.3,2.34,2.3,5.26,5.68,5.25,3.49,3.48,3.53,3.53
0.44,0.34,0.33,0.28,0.29,0.29,0.27,0.33,0.88,5.7,0.59,0.62,0.56,0.55,0.6,0.6,0.57,5.68,5.68,1.18,1.17,1.16,1.15,1.16,1.16,1.17,5.68,5.65,2.4,2.36,2.32,2.34,2.27,5.26,5.68,5.26,3.49,3.5,3.48,3.54
0.43,0.34,0.33,0.28,0.29,0.29,0.3,0.33,0.85,5.65,0.63,0.61,0.56,0.59,0.6,0.6,0.62,5.7,5.69,1.18,1.16,1.16,1.15,1.16,1.15,1.12,5.7,5.68,2.31,2.32,2.3,2.3,2.32,5.26,5.64,5.25,3.51,3.54,3.53,3.48
0.44,0.34,0.33,0.3,0.29,0.26,0.3,0.33,0.8,5.7,0.59,0.61,0.56,0.54,0.6,0.6,0.62,5.68,5.68,1.17,1.16,1.14,1.14,1.14,1.15,1.18,5.68,5.68,5.68,2.32,2.34,2.34,2.32,5.27,5.68,5.26,3.49,3.49,3.48,3.56
0.38,0.34,0.33,0.31,0.26,0.29,0.3,0.33,0.83,5.68,0.63,0.57,0.51,0.54,0.6,0.55,0.62,5.69,5.68,1.22,1.16,1.15,1.19,1.19,1.15,1.17,5.68,5.64,2.36,2.31,2.32,2.31,2.3,5.23,5.68,5.23,3.46,3.5,3.49,3.57
0.44,0.34,0.33,0.26,0.29,0.29,0.27,0.33,0.86,5.65,0.59,0.57,0.61,0.59,0.6,0.55,0.61,5.69,5.65,1.17,1.21,1.1,1.1,1.15,1.2,1.17,5.68,5.68,5.65,2.32,2.35,2.31,2.32,5.26,5.68,5.21,3.54,3.54,3.51,3.53
0.44,0.34,0.33,0.3,0.29,0.29,0.3,0.33,0.85,5.66,0.63,0.62,0.61,0.54,0.55,0.6,0.56,5.68,5.66,1.17,1.21,1.15,1.14,1.15,1.15,1.17,5.66,5.68,2.35,2.36,2.35,2.3,2.36,5.27,5.65,5.26,3.54,3.5,3.5,3.57
0.44,0.3,0.33,0.31,0.29,0.26,0.3,0.33,0.77,5.65,0.59,0.57,0.56,0.59,0.56,0.56,0.62,5.66,5.63,1.17,1.16,1.19,1.16,1.19,1.2,1.17,5.65,5.7,2.34,2.31,2.31,2.31,2.35,5.22,5.7,5.27,3.52,3.48,3.49,3.53
0.44,0.34,0.33,0.28,0.29,0.26,0.3,0.33,0.82,5.7,0.63,0.62,0.56,0.55,0.6,0.55,0.62,5.63,5.65,1.22,1.16,1.15,1.15,1.19,1.15,1.17,5.69,5.69,5.68,2.36,2.31,2.3,2.32,5.26,5.64,5.2,3.51,3.5,3.51,3.52
0.44,0.34,0.33,0.28,0.29,0.29,0.27,0.33,0.93,5.63,0.63,0.62,0.56,0.49,0.56,0.57,0.57,5.7,5.63,1.18,1.21,1.15,1.15,1.14,1.15,1.17,5.68,5.69,2.35,2.31,2.3,2.26,2.3,5.23,5.66,5.23,3.51,3.51,3.49,3.53
0.43,0.34,0.33,0.26,0.29,0.26,0.3,0.33,0.94,5.68,0.64,0.62,0.6,0.54,0.55,0.55,0.62,5.68,5.7,1.17,1.17,1.15,1.15,1.15,1.15,1.21,5.7,5.68,2.4,2.27,2.27,2.3,2.32,5.23,5.68,5.21,3.51,3.49,3.46,3.53
0.44,0.34,0.32,0.3,0.26,0.26,0.27,0.33,5.68,5.63,0.58,0.61,0.56,0.59,0.55,0.56,0.52,5.7,5.65,1.17,1.17,1.15,1.15,1.19,1.15,1.17,5.65,5.68,5.64,2.32,2.3,2.32,2.32,5.27,5.68,5.21,3.49,3.49,3.5,3.48
0.44,0.3,0.32,0.3,0.29,0.26,0.3,0.33,0.85,5.68,0.63,0.61,0.61,0.59,0.6,0.6,0.56,5.68,5.68,1.17,1.16,1.15,1.14,1.1,1.2,1.16,5.68,5.69,2.35,2.27,2.34,2.31,2.3,5.26,5.65,5.26,3.5,3.51,3.49,3.48
0.38,0.34,0.32,0.3,0.26,0.29,0.3,0.33,0.83,5.7,0.64,0.57,0.56,0.54,0.6,0.56,0.62,5.68,5.68,1.17,1.16,1.15,1.15,1.15,1.15,1.16,5.69,5.68,2.35,2.32,2.31,2.31,2.35,5.23,5.7,5.26,3.51,3.51,3.5,3.53
0.44,0.3,0.32,0.3,0.29,0.26,0.27,0.33,0.8,5.7,0.53,0.57,0.61,0.55,0.6,0.6,0.62,5.7,5.7,1.18,1.16,1.16,1.1,1.16,1.16,1.16,5.68,5.66,2.3,2.31,2.35,2.32,2.3,5.27,5.68,5.21,3.51,3.53,3.48,3.53
0.41,0.34,0.32,0.3,0.26,0.29,0.27,0.33,0.84,5.7,0.62,0.62,0.61,0.59,0.55,0.55,0.62,5.7,5.7,1.18,1.21,1.16,1.15,1.16,1.15,1.16,5.7,5.69,5.68,2.3,2.32,2.34,2.32,5.22,5.68,5.27,3.49,3.49,3.46,3.53
0.41,0.34,0.32,0.3,0.29,0.29,0.27,0.33,0.87,5.7,0.59,0.61,0.61,0.54,0.5,0.56,0.57,5.68,5.68,1.17,1.16,1.15,1.15,1.19,1.15,1.22,5.7,5.64,2.34,2.32,2.35,2.26,2.32,5.23,5.68,5.25,3.49,3.5,3.53,3.57
0.43,0.34,0.33,0.3,0.29,0.26,0.3,0.33,0.8,5.68,0.54,0.58,0.56,0.54,0.5,0.5,0.62,5.7,5.68,1.17,1.16,1.15,1.19,1.19,1.15,1.16,5.65,5.69,5.64,2.32,2.27,2.3,2.32,5.21,5.68,5.23,3.51,3.53,3.5,3.53
0.44,0.34,0.33,0.3,0.26,0.29,0.3,0.33,0.89,5.68,0.57,0.61,0.56,0.59,0.6,0.6,0.56,5.68,5.68,1.12,1.16,1.1,1.14,1.14,1.15,1.17,5.64,5.68,2.35,2.32,2.3,2.3,2.3,5.25,5.65,5.27,3.46,3.54,3.49,3.53
0.4,0.34,0.33,0.3,0.29,0.29,0.3,0.33,0.85,5.68,0.57,0.61,0.61,0.59,0.6,0.6,0.57,5.63,5.65,1.17,1.16,1.15,1.15,1.14,1.15,1.12,5.66,5.68,5.63,2.32,2.35,2.31,2.31,5.27,5.7,5.21,3.54,3.5,3.5,3.54
0.44,0.34,0.32,0.31,0.29,0.29,0.3,0.33,5.65,5.68,0.58,0.61,0.61,0.59,0.56,0.56,0.57,5.66,5.68,1.17,1.16,1.14,1.16,1.15,1.15,1.12,5.65,5.68,2.36,2.32,2.34,2.34,2.32,5.26,5.7,5.26,3.51,3.51,3.5,3.53
0.44,0.34,0.32,0.26,0.26,0.26,0.3,0.33,0.89,5.68,0.57,0.57,0.56,0.55,0.6,0.6,0.56,5.68,5.64,1.22,1.12,1.15,1.19,1.15,1.1,1.17,5.68,5.64,2.39,2.32,2.27,2.3,2.32,5.26,5.68,5.26,3.54,3.5,3.53,3.49
0.4,0.34,0.28,0.27,0.26,0.29,0.27,0.33,0.81,5.65,0.52,0.57,0.61,0.59,0.56,0.56,0.62,5.68,5.63,1.22,1.16,1.1,1.16,1.15,1.16,1.16,5.65,5.68,2.35,2.31,2.3,2.31,2.32,5.27,5.68,5.26,3.52,3.49,3.5,3.52
0.44,0.34,0.32,0.3,0.29,0.29,0.3,0.33,0.87,5.7,0.57,0.62,0.61,0.59,0.5,0.6,0.62,5.68,5.68,1.17,1.17,1.15,1.15,1.15,1.15,1.21,5.68,5.69,5.63,2.32,2.31,2.34,2.31,5.23,5.65,5.25,3.54,3.48,3.45,3.54
0.44,0.34,0.32,0.3,0.26,0.29,0.27,0.33,0.79,5.65,0.53,0.57,0.56,0.59,0.55,0.55,0.56,5.68,5.69,1.12,1.17,1.15,1.15,1.19,1.15,1.16,5.65,5.68,2.35,2.31,2.26,2.31,2.32,5.26,5.7,5.26,3.51,3.53,3.48,3.56
0.43,0.34,0.32,0.27,0.26,0.29,0.3,0.33,0.86,5.68,0.58,0.61,0.61,0.54,0.6,0.6,0.56,5.68,5.65,1.12,1.16,1.15,1.15,1.14,1.15,1.16,5.65,5.69,5.64,2.31,2.3,2.34,2.32,5.27,5.68,5.25,3.5,3.49,3.49,3.52
0.4,0.3,0.32,0.3,0.29,0.29,0.3,0.33,0.77,5.68,0.62,0.57,0.56,0.54,0.6,0.6,0.58,5.64,5.68,1.17,1.16,1.16,1.19,1.16,1.15,1.16,5.68,5.65,2.37,2.32,2.27,2.3,2.36,5.26,5.64,5.27,3.49,3.51,3.53,3.53
0.4,0.34,0.28,0.27,0.29,0.29,0.27,0.33,0.85,5.65,0.58,0.62,0.51,0.55,0.55,0.6,0.62,5.68,5.64,1.18,1.16,1.16,1.15,1.16,1.15,1.16,5.7,5.65,5.63,2.32,2.31,2.34,2.27,5.21,5.68,5.21,3.54,3.54,3.51,3.48
0.41,0.34,0.32,0.3,0.29,0.26,0.27,0.33,0.76,5.65,0.57,0.62,0.6,0.59,0.6,0.6,0.56,5.68,5.69,1.18,1.16,1.16,1.15,1.16,1.15,1.16,5.64,5.69,2.34,2.31,2.3,2.32,2.36,5.22,5.68,5.22,3.49,3.53,3.5,3.48
0.41,0.34,0.29,0.27,0.29,0.29,0.3,0.33,0.84,5.68,0.58,0.62,0.61,0.59,0.6,0.55,0.62,5.69,5.69,1.17,1.16,1.15,1.15,1.15,1.2,1.16,5.68,5.64,2.34,2.35,2.32,2.26,2.32,5.23,5.69,5.26,3.49,3.54,3.51,3.56
0.43,0.34,0.32,0.3,0.29,0.26,0.3,0.33,0.81,5.68,0.63,0.57,0.6,0.59,0.59,0.6,0.61,5.69,5.7,1.22,1.12,1.15,1.19,1.14,1.15,1.16,5.68,5.69,5.68,2.32,2.32,2.31,2.32,5.26,5.66,5.23,3.51,3.49,3.5,3.53
0.43,0.34,0.32,0.3,0.29,0.29,0.3,0.33,0.81,5.65,0.61,0.62,0.56,0.59,0.55,0.55,0.61,5.68,5.68,1.17,1.16,1.1,1.15,1.14,1.15,1.16,5.68,5.68,2.35,2.32,2.3,2.3,2.36,5.21,5.68,5.26,3.52,3.53,3.49,3.53
0.44,0.34,0.32,0.3,0.29,0.26,0.3,0.33,0.83,5.66,0.63,0.62,0.56,0.59,0.55,0.55,0.57,5.68,5.63,1.17,1.16,1.15,1.15,1.14,1.15,1.16,5.66,5.68,2.35,2.31,2.3,2.34,2.32,5.23,5.69,5.21,3.51,3.5,3.54,3.53
5.64,0.34,0.32,0.3,0.29,0.26,0.3,0.33,5.68,5.68,0.58,0.57,0.61,0.59,0.56,0.56,0.62,5.64,5.68,1.22,1.16,1.16,1.16,1.19,1.15,1.16,5.68,5.69,5.63,2.35,2.32,2.31,2.36,5.27,5.69,5.26,3.46,3.51,3.5,3.56
5.64,0.3,0.28,0.3,0.29,0.26,0.3,0.33,5.7,5.68,0.57,0.52,0.52,0.55,0.55,0.6,0.57,5.66,5.68,1.17,1.16,1.19,1.15,1.19,1.15,1.17,5.69,5.68,2.36,2.27,2.3,2.3,2.27,5.27,5.64,5.25,3.51,3.51,3.5,3.51
5.68,0.3,0.32,0.3,0.29,0.29,0.3,0.33,5.68,5.68,0.53,0.57,0.61,0.59,0.55,0.56,0.61,5.68,5.64,1.17,1.16,1.1,1.16,1.14,1.16,1.16,5.68,5.69,2.36,2.31,2.3,2.26,2.32,5.26,5.69,5.21,3.51,3.51,3.49,3.53
5.68,0.34,0.32,0.27,0.29,0.29,0.3,0.33,5.68,5.68,0.63,0.52,0.61,0.54,0.6,0.55,0.61,5.64,5.68,1.22,1.16,1.15,1.15,1.15,1.15,1.16,5.68,5.64,5.69,2.32,2.31,2.35,2.3,5.22,5.64,5.26,3.54,3.46,3.51,3.52
5.65,0.34,0.32,0.3,0.29,0.29,0.3,0.33,5.68,5.65,0.63,0.57,0.61,0.59,0.55,0.6,0.56,5.64,5.68,1.17,1.17,1.19,1.14,1.19,1.15,1.16,5.68,5.68,2.4,2.31,2.31,2.32,2.3,5.26,5.69,5.26,3.49,3.53,3.54,3.52
5.69,0.34,0.32,0.3,0.29,0.29,0.3,0.33,5.64,5.63,0.58,0.61,0.56,0.54,0.55,0.6,0.57,5.63,5.68,1.12,1.16,1.15,1.14,1.1,1.15,1.21,5.68,5.69,5.68,2.31,2.31,2.34,2.27,5.26,5.64,5.26,3.55,3.48,3.49,3.56
