2.0m_40deg,2.0m_30deg,2.0m_20deg,2.0m_10deg,2.0m_0deg,2.0m_-10deg,2.0m_-20deg,2.0m_-30deg,2.0m_-40deg,1m_-40deg,1m_-30deg,1m_-20deg,1m_-10deg,1m_0deg,1m_10deg,1m_20deg,1m_30deg,1m_40deg,0.5m_40deg,0.5m_30deg,0.5m_20deg,0.5m_10deg,0.5m_0deg,0.5m_-10deg,0.5m_-20deg,0.5m_-30deg,0.5m_-40deg,0.25m_-40deg,0.25m_-30deg,0.25m_-20deg,0.25m_-10deg,0.25m_0deg,0.25m_10deg,0.25m_20deg,0.25m_30deg,0.25m_40deg
3.193,2.48,2.228,2.022,2.235,2.523,4.699,2.319,2.273,2.488,1.285,1.079,1.263,1.266,1.247,1.255,2.951,2.095,1.917,3.294,0.602,0.602,0.604,0.605,0.611,0.628,2.199,1.362,1.303,0.293,0.268,0.293,0.288,0.284,2.068,2.774
3.072,2.518,2.222,2.189,2.357,2.523,4.572,2.492,2.486,2.218,1.285,1.269,1.264,1.267,1.246,1.255,3.093,2.175,2.087,2.722,0.469,0.602,0.603,0.606,0.61,0.628,2.354,1.101,1.178,0.291,0.292,0.253,0.287,0.284,2.068,2.723
3.287,2.034,2.516,2.356,2.516,2.523,4.731,2.206,2.366,2.202,1.236,1.269,1.264,1.055,1.246,1.195,2.724,2.174,1.952,3.101,0.602,0.601,0.604,0.57,0.611,0.629,2.198,1.361,1.342,0.293,0.29,0.293,0.286,0.284,1.783,3.009
3.116,2.518,2.265,2.513,2.517,2.523,4.355,2.49,2.201,2.203,1.102,1.015,1.223,1.183,1.246,1.055,2.813,1.888,2.054,3.294,0.604,0.602,0.602,0.606,0.61,0.628,2.317,1.362,1.342,0.293,0.292,0.291,0.288,0.282,2.059,2.723
3.287,2.519,2.151,2.225,2.518,2.522,4.772,2.205,2.488,2.488,1.284,1.269,1.264,1.267,1.114,1.194,2.726,1.844,2.174,3.017,0.602,0.601,0.604,0.602,0.611,0.629,2.483,1.362,1.342,0.293,0.292,0.293,0.287,0.284,2.07,3.295
3.002,2.224,2.515,2.511,2.519,2.421,4.358,2.491,2.288,2.488,1.115,1.269,1.254,1.267,1.245,1.256,3.298,2.175,1.886,2.997,0.604,0.602,0.581,0.478,0.539,0.629,2.29,1.362,1.249,0.293,0.292,0.293,0.287,0.269,2.072,2.721
3.29,2.099,2.23,2.51,2.517,2.236,4.522,2.22,2.203,2.471,1.285,1.269,1.264,1.267,1.141,1.186,3.294,2.17,2.172,3.159,0.604,0.502,0.604,0.606,0.475,0.63,2.485,1.283,1.266,0.293,0.291,0.293,0.287,0.284,2.072,3.131
3.289,2.261,2.515,2.511,2.296,2.522,4.397,2.103,2.053,2.489,1.13,1.108,1.003,1.267,1.204,1.255,2.842,2.17,1.799,3.009,0.48,0.602,0.602,0.605,0.61,0.629,2.441,1.362,1.343,0.293,0.291,0.293,0.286,0.284,2.073,3.031
2.801,2.425,2.509,2.512,2.517,2.41,4.357,2.272,2.488,2.232,1.001,1.269,1.265,0.989,1.246,1.253,3.278,2.149,2.171,2.9,0.605,0.601,0.604,0.607,0.611,0.63,2.484,1.363,1.343,0.293,0.292,0.293,0.288,0.221,2.072,3.007
2.719,2.228,2.34,2.512,2.07,2.524,4.718,2.159,2.202,2.487,1.285,1.153,1.024,1.266,1.178,1.202,3.133,2.173,2.171,3.057,0.603,0.602,0.529,0.606,0.608,0.63,2.473,1.363,1.31,0.293,0.29,0.293,0.288,0.284,1.876,3.009
3.017,2.227,2.515,2.511,2.519,2.524,4.357,2.389,2.276,2.488,1.02,1.269,1.265,1.266,1.246,1.163,3.294,2.159,2.173,3.291,0.605,0.548,0.604,0.472,0.612,0.613,2.345,1.363,1.344,0.25,0.292,0.239,0.224,0.284,2.036,3.244
2.996,2.057,2.515,2.512,2.517,2.296,4.356,2.219,2.16,2.488,1.283,1.196,1.195,1.156,1.246,1.253,3.162,2.171,1.888,3.293,0.602,0.602,0.602,0.606,0.591,0.63,2.485,1.364,1.343,0.293,0.29,0.227,0.288,0.284,2.066,2.831
3.294,2.512,2.515,2.334,2.517,2.523,4.353,2.329,2.488,2.321,1.284,1.268,1.264,1.022,1.246,1.255,3.01,2.173,2.179,3.004,0.604,0.601,0.604,0.607,0.611,0.629,2.484,1.325,1.343,0.273,0.292,0.238,0.286,0.283,1.795,2.987
3.296,2.511,2.483,2.511,2.518,2.061,4.778,2.207,2.489,2.488,1.283,1.269,1.082,1.265,1.246,1.255,3.189,2.041,2.064,3.29,0.602,0.602,0.602,0.607,0.608,0.629,1.963,1.362,1.335,0.293,0.292,0.292,0.224,0.284,1.782,3.007
3.294,2.226,2.512,2.51,2.517,2.523,4.659,2.448,2.487,2.362,1.284,1.269,1.264,1.265,1.247,1.254,3.088,1.904,2.179,3.289,0.469,0.47,0.604,0.482,0.611,0.628,2.198,1.363,1.341,0.293,0.292,0.227,0.286,0.283,1.832,3.295
3.296,2.443,2.24,2.51,2.519,2.523,4.825,2.492,2.202,2.489,1.283,1.006,1.105,1.194,1.245,1.021,3.009,1.884,2.178,3.128,0.474,0.469,0.602,0.606,0.612,0.628,2.288,1.364,1.075,0.293,0.292,0.292,0.288,0.285,2.066,3.294
3.227,2.51,2.511,2.511,2.517,2.296,4.354,2.493,2.487,2.488,1.286,1.166,1.264,1.265,1.246,1.255,3.296,1.937,2.179,2.998,0.602,0.602,0.603,0.604,0.478,0.576,2.249,1.364,1.342,0.293,0.291,0.292,0.288,0.284,2.067,3.056
3.296,2.51,1.99,2.037,2.518,2.183,4.882,2.493,2.488,2.435,1.286,1.269,1.264,1.266,1.246,1.253,2.947,2.171,1.806,3.29,0.604,0.601,0.602,0.606,0.611,0.628,2.327,1.364,1.342,0.293,0.292,0.29,0.288,0.285,2.066,3.294
3.292,2.511,2.146,2.204,2.446,2.238,4.486,2.029,2.488,2.15,1.286,1.269,1.264,1.266,1.246,1.074,3.108,1.932,1.951,3.007,0.602,0.602,0.601,0.604,0.61,0.601,2.21,1.364,1.255,0.293,0.29,0.292,0.288,0.285,1.781,3.008
2.819,2.51,2.308,2.369,2.516,2.524,4.357,2.493,2.488,2.397,1.041,1.269,1.264,1.266,1.246,1.255,3.294,1.792,2.101,3.005,0.604,0.601,0.602,0.606,0.611,0.488,2.484,1.287,1.129,0.293,0.292,0.29,0.286,0.285,1.792,3.252
3.163,2.512,2.185,2.513,2.516,2.523,4.355,2.1,2.241,2.486,1.198,1.269,1.264,1.266,1.246,1.158,3.296,1.944,2.175,3.074,0.602,0.602,0.584,0.605,0.61,0.628,2.485,1.363,1.345,0.293,0.29,0.292,0.287,0.285,1.781,2.847
3.141,2.512,2.344,2.512,2.231,2.524,4.355,1.987,2.201,2.488,1.218,1.27,1.053,1.266,1.246,1.256,3.142,1.812,2.107,2.723,0.604,0.601,0.603,0.606,0.611,0.507,2.427,1.362,1.345,0.291,0.292,0.292,0.288,0.285,1.782,3.294
3.293,2.513,2.222,2.512,1.979,2.524,4.598,2.448,2.487,2.235,1.287,1.269,1.063,1.124,1.049,1.255,2.724,2.176,1.971,2.799,0.602,0.602,0.601,0.605,0.536,0.628,2.016,1.208,1.345,0.293,0.29,0.292,0.288,0.285,1.813,3.008
3.131,2.229,2.381,2.511,2.518,2.239,4.765,2.337,2.161,2.488,1.283,1.072,1.264,1.266,1.205,1.257,3.014,2.114,2.121,3.196,0.604,0.518,0.602,0.606,0.611,0.531,2.486,1.085,1.179,0.292,0.292,0.29,0.288,0.285,1.742,3.293
3.295,2.516,2.511,2.361,2.233,2.524,4.928,2.205,2.202,2.204,1.04,1.066,1.264,1.266,1.246,1.258,3.16,2.173,1.985,3.093,0.561,0.602,0.601,0.605,0.61,0.628,2.336,1.247,1.344,0.293,0.292,0.29,0.286,0.285,2.059,3.292
3.008,2.462,2.511,2.254,2.293,2.238,4.816,2.418,2.204,2.489,1.283,1.269,1.265,1.265,1.245,1.258,3.296,1.889,1.848,3.246,0.604,0.571,0.602,0.606,0.611,0.626,2.218,1.363,1.344,0.291,0.292,0.292,0.288,0.285,1.776,3.089
3.096,2.41,2.011,2.226,2.518,2.523,4.354,2.204,2.487,2.379,1.287,1.269,1.264,1.266,1.244,1.191,2.895,2.174,1.996,3.295,0.602,0.602,0.601,0.606,0.608,0.628,2.485,1.361,1.343,0.293,0.292,0.29,0.286,0.285,1.937,3.294
3.009,2.518,2.511,2.512,2.512,2.138,4.867,2.223,2.488,2.49,1.286,0.992,0.985,1.042,1.239,1.052,3.01,2.172,2.152,3.008,0.469,0.601,0.602,0.605,0.61,0.626,2.471,1.361,1.224,0.293,0.292,0.292,0.288,0.284,1.81,3.293
3.295,2.23,2.338,2.495,2.111,2.523,4.687,2.491,2.487,2.098,1.284,1.269,1.103,1.266,1.243,1.259,3.009,2.116,1.889,3.008,0.604,0.602,0.601,0.606,0.61,0.628,2.485,1.361,1.293,0.228,0.292,0.29,0.288,0.286,1.687,3.012
3.268,2.513,2.511,2.374,2.517,2.523,4.907,2.491,2.438,2.26,1.285,1.27,1.264,1.067,1.243,1.259,3.295,2.172,2.174,3.295,0.602,0.468,0.602,0.605,0.608,0.627,2.199,1.363,1.141,0.293,0.292,0.292,0.288,0.284,2.068,3.132
3.293,2.452,2.512,2.512,2.518,2.522,4.782,2.455,2.426,2.206,1.284,1.269,1.264,1.222,1.119,1.259,3.206,2.17,2.174,2.885,0.603,0.601,0.56,0.606,0.61,0.628,2.407,1.361,1.337,0.293,0.292,0.292,0.288,0.285,2.013,3.06
3.022,2.414,2.513,2.512,2.338,2.525,4.929,2.492,2.298,2.49,1.284,1.064,1.038,1.266,1.244,1.258,3.089,2.172,2.173,2.755,0.602,0.602,0.602,0.53,0.563,0.497,2.199,1.362,1.337,0.293,0.277,0.292,0.286,0.284,2.07,2.941
3.18,2.51,2.439,2.512,2.518,2.523,4.687,2.494,2.485,2.253,1.283,1.227,1.264,1.239,1.144,1.019,3.293,2.172,2.17,3.293,0.604,0.542,0.575,0.606,0.611,0.628,2.418,1.317,1.339,0.236,0.29,0.227,0.288,0.285,1.781,3.293
3.295,2.095,2.513,2.511,2.233,2.524,4.355,2.492,2.367,2.057,1.283,1.269,1.264,1.104,1.013,1.257,3.009,1.927,1.914,3.07,0.602,0.602,0.602,0.605,0.545,0.628,2.007,1.363,1.339,0.293,0.289,0.293,0.286,0.285,1.782,3.292
3.008,1.975,2.512,2.511,2.518,2.524,4.354,2.492,2.218,2.489,1.283,1.27,1.264,1.256,1.243,1.258,2.982,2.175,2.062,3.294,0.603,0.601,0.484,0.606,0.61,0.626,2.454,1.363,1.339,0.293,0.29,0.293,0.288,0.285,1.782,2.85
3.011,2.513,2.512,2.512,2.442,2.524,4.479,2.195,2.486,2.203,1.253,1.269,1.264,1.267,1.244,1.103,3.132,2.177,1.934,3.042,0.561,0.602,0.603,0.577,0.56,0.628,2.484,1.361,1.338,0.293,0.289,0.229,0.288,0.285,1.943,3.01
3.295,2.512,2.512,2.401,2.323,2.238,4.357,2.087,2.266,2.489,1.283,1.27,1.264,1.267,1.245,1.259,3.134,2.174,2.082,3.257,0.604,0.473,0.601,0.606,0.611,0.626,2.2,1.361,1.172,0.254,0.292,0.293,0.288,0.285,2.074,2.884
3.297,2.226,2.335,2.511,2.518,2.523,4.357,2.266,2.486,2.204,1.28,1.154,1.264,1.268,1.245,1.259,3.009,2.176,2.176,3.295,0.602,0.602,0.602,0.605,0.61,0.628,2.485,1.361,1.325,0.293,0.292,0.291,0.288,0.285,2.072,3.047
3.295,2.07,2.513,2.226,2.517,2.238,4.414,2.206,2.32,2.035,1.161,1.269,1.264,1.267,1.021,1.259,3.294,2.173,2.174,2.99,0.469,0.468,0.592,0.604,0.611,0.626,1.945,1.211,1.338,0.291,0.292,0.293,0.286,0.285,2.074,3.291
2.848,2.515,2.17,2.51,2.247,2.524,4.357,2.045,2.216,2.49,1.282,1.268,1.087,1.119,1.246,1.159,3.293,2.175,2.173,3.132,0.599,0.495,0.602,0.606,0.61,0.628,2.306,1.362,1.338,0.293,0.292,0.292,0.288,0.285,2.071,3.098
3.294,2.228,2.33,2.497,2.128,2.523,4.753,2.221,2.325,2.359,1.207,1.268,1.264,1.0,1.214,1.259,2.766,2.104,2.173,3.295,0.604,0.602,0.469,0.568,0.611,0.626,2.483,1.363,1.339,0.291,0.292,0.293,0.286,0.254,2.071,3.008
3.294,2.513,2.258,2.511,2.298,2.523,4.357,2.492,2.202,2.489,1.197,1.268,1.264,1.267,1.136,1.054,2.922,2.174,1.718,3.293,0.603,0.526,0.602,0.606,0.61,0.628,2.267,1.363,1.338,0.293,0.292,0.293,0.288,0.221,2.068,2.719
3.296,2.166,2.083,2.511,2.517,2.522,4.513,2.492,2.153,2.204,1.285,1.074,1.264,1.267,1.231,1.261,3.059,1.847,1.869,3.294,0.602,0.602,0.604,0.532,0.608,0.626,2.317,1.362,1.338,0.293,0.29,0.293,0.288,0.285,1.866,3.006
3.009,2.516,1.963,2.226,2.519,2.066,4.396,2.495,2.328,2.258,1.283,1.268,1.265,1.267,1.246,1.26,2.957,2.175,2.132,2.722,0.469,0.522,0.601,0.471,0.61,0.628,2.485,1.26,1.339,0.293,0.292,0.293,0.288,0.284,2.064,3.184
3.053,2.519,2.511,2.511,2.233,2.526,4.353,2.495,2.489,2.201,1.284,1.269,1.265,1.267,1.245,1.259,3.293,2.149,2.172,3.295,0.602,0.602,0.603,0.604,0.608,0.626,2.485,1.363,1.281,0.293,0.29,0.291,0.288,0.285,2.064,3.066
3.22,2.385,2.512,2.479,2.108,2.524,4.686,2.496,2.377,2.201,1.284,1.267,1.264,1.267,1.246,1.259,3.281,1.888,1.74,3.008,0.604,0.491,0.601,0.471,0.61,0.628,1.968,1.364,1.334,0.293,0.292,0.228,0.288,0.285,1.917,3.228
3.297,2.266,2.174,2.512,2.518,2.524,4.355,2.382,2.257,2.485,1.286,1.145,1.265,1.057,1.007,1.26,3.131,1.868,2.174,2.82,0.602,0.602,0.602,0.606,0.609,0.627,2.486,1.341,1.333,0.294,0.292,0.291,0.288,0.285,2.064,3.293
3.295,2.236,2.512,2.513,2.519,2.492,4.787,2.453,2.426,2.346,1.207,1.025,1.248,1.267,1.247,1.258,3.041,2.174,2.173,3.167,0.604,0.601,0.601,0.605,0.61,0.628,2.486,1.363,1.333,0.293,0.292,0.293,0.286,0.235,2.066,3.263
3.298,2.521,2.511,2.412,2.233,2.239,4.673,2.495,2.487,2.243,1.284,1.269,1.157,1.267,1.166,1.258,3.292,2.176,2.174,2.845,0.522,0.601,0.602,0.606,0.55,0.627,2.486,1.362,1.332,0.293,0.291,0.291,0.288,0.285,1.939,3.137
3.24,2.521,2.511,2.288,2.509,2.488,4.355,2.044,2.473,2.484,1.035,1.269,1.264,1.266,1.247,1.257,3.292,2.176,2.048,3.287,0.604,0.602,0.601,0.604,0.61,0.628,2.485,1.228,0.834,0.293,0.29,0.292,0.288,0.264,2.069,3.293
3.297,2.521,1.956,2.512,2.519,2.525,4.709,2.218,2.489,2.198,1.126,1.269,1.177,1.072,1.246,1.257,3.245,2.176,2.174,2.875,0.602,0.601,0.602,0.606,0.608,0.627,2.188,1.363,0.68,0.293,0.291,0.293,0.289,0.285,2.07,3.007
3.258,2.247,2.511,2.514,2.285,2.524,4.457,2.103,2.486,2.484,1.0,1.268,1.205,1.222,1.247,1.256,3.006,2.177,2.173,3.008,0.604,0.602,0.536,0.605,0.61,0.628,2.361,1.255,0.65,0.293,0.29,0.291,0.26,0.285,2.07,3.049
3.297,2.411,2.51,2.511,2.518,2.249,4.456,2.492,2.487,2.484,1.158,0.986,1.195,1.266,1.245,1.257,3.286,2.178,1.918,3.294,0.602,0.601,0.602,0.606,0.608,0.488,1.933,1.363,0.869,0.293,0.227,0.293,0.289,0.285,1.969,3.209
2.724,2.52,2.152,2.512,2.519,2.524,4.621,2.445,2.486,2.484,1.283,1.146,1.071,1.238,1.019,1.258,3.129,2.178,2.171,3.293,0.604,0.602,0.511,0.605,0.61,0.494,2.484,1.364,1.259,0.293,0.291,0.291,0.288,0.285,1.836,3.295
3.01,2.522,2.312,2.271,2.518,2.449,4.353,2.329,2.486,2.483,1.28,1.269,1.228,1.267,1.244,1.258,2.758,2.178,1.936,2.95,0.602,0.601,0.602,0.606,0.495,0.628,2.486,1.364,1.336,0.293,0.291,0.293,0.289,0.285,0.969,3.293
3.147,2.235,2.51,2.513,2.519,2.522,4.926,2.493,2.486,2.484,1.28,1.185,1.264,1.267,1.244,1.258,3.29,2.121,1.887,3.293,0.604,0.602,0.601,0.606,0.61,0.627,2.486,1.361,1.087,0.227,0.292,0.293,0.289,0.285,0.998,3.122
3.15,2.477,2.225,2.31,2.518,2.107,4.486,2.387,2.181,2.485,1.236,1.19,1.264,1.267,1.244,1.198,2.794,2.175,2.173,3.291,0.604,0.534,0.602,0.605,0.473,0.628,2.484,1.176,1.334,0.293,0.256,0.293,0.289,0.285,0.85,3.284
3.295,2.072,2.228,2.473,2.519,2.236,4.355,1.984,2.485,2.199,1.114,1.235,1.265,1.265,1.243,1.065,2.719,2.034,1.819,3.29,0.605,0.603,0.474,0.606,0.608,0.626,2.485,1.361,1.333,0.233,0.291,0.293,0.288,0.285,0.997,3.292
2.722,2.523,2.512,2.51,2.057,2.236,4.354,2.284,1.945,2.227,1.282,1.124,1.264,1.267,1.243,1.258,3.122,2.174,2.175,3.291,0.602,0.601,0.602,0.511,0.61,0.628,2.483,1.361,1.335,0.293,0.292,0.292,0.288,0.284,0.913,3.294
3.042,2.52,2.474,2.227,2.234,2.332,4.769,2.318,2.485,2.308,1.145,1.011,1.265,1.266,1.244,1.071,2.721,2.032,2.173,2.892,0.604,0.603,0.468,0.606,0.609,0.626,2.485,1.36,1.333,0.292,0.291,0.293,0.288,0.285,1.006,3.194
3.009,2.521,2.512,2.512,2.122,2.236,4.355,2.209,2.272,2.484,1.023,1.269,1.264,1.266,1.244,1.257,2.721,2.174,1.708,3.29,0.602,0.601,0.598,0.604,0.61,0.627,2.484,1.36,1.332,0.293,0.292,0.291,0.239,0.284,1.004,3.075
3.296,2.464,2.511,2.513,2.519,2.395,4.539,2.352,2.201,2.483,1.284,1.067,1.265,1.266,1.244,1.257,3.293,2.174,2.174,3.288,0.605,0.602,0.603,0.606,0.608,0.556,2.484,1.208,1.065,0.239,0.227,0.293,0.288,0.285,1.007,3.293
3.214,2.521,2.201,2.18,2.518,2.488,4.707,2.252,2.486,2.317,1.282,1.269,1.264,1.162,1.243,1.257,2.72,2.177,2.009,3.092,0.605,0.593,0.601,0.604,0.61,0.627,2.335,1.347,1.331,0.293,0.291,0.293,0.268,0.285,1.049,2.823
2.8,2.521,2.226,2.512,2.367,2.237,4.354,2.494,2.467,2.485,1.283,1.269,1.265,1.266,1.243,1.257,3.038,2.087,2.175,3.167,0.604,0.602,0.602,0.606,0.609,0.625,2.2,1.218,1.333,0.292,0.268,0.293,0.288,0.285,1.05,3.293
3.293,2.521,2.511,2.512,2.518,2.522,4.766,2.311,2.486,2.198,1.099,0.996,1.265,1.173,1.109,1.258,2.72,2.176,2.127,2.846,0.605,0.602,0.481,0.606,0.61,0.626,2.486,1.36,1.332,0.293,0.292,0.293,0.288,0.285,1.054,2.722
2.829,2.299,2.512,2.512,2.425,2.522,4.927,2.492,2.219,2.245,1.279,1.161,1.264,1.266,1.243,1.134,2.778,2.175,2.176,3.013,0.588,0.601,0.602,0.605,0.53,0.625,2.487,1.36,1.105,0.292,0.292,0.291,0.288,0.285,0.877,3.296
3.275,2.521,1.998,2.512,2.232,2.377,4.531,2.492,2.486,2.485,1.277,1.269,1.026,1.183,1.132,1.258,3.291,2.177,2.04,2.895,0.605,0.602,0.601,0.606,0.61,0.626,2.366,1.359,1.256,0.293,0.292,0.293,0.288,0.285,1.031,3.295
3.293,2.072,2.511,2.458,2.517,2.523,4.703,2.207,2.2,2.486,1.277,1.197,1.062,1.05,1.245,1.258,2.801,2.079,2.172,3.06,0.603,0.557,0.602,0.605,0.608,0.627,2.484,1.361,1.336,0.263,0.292,0.293,0.288,0.237,0.972,3.296
3.295,2.241,2.226,2.227,2.373,2.523,4.872,2.44,2.136,2.462,1.279,1.07,1.064,1.209,1.245,0.98,3.232,1.925,2.17,3.221,0.605,0.602,0.602,0.606,0.61,0.497,2.092,1.36,1.263,0.293,0.278,0.293,0.289,0.285,1.039,3.295
3.176,2.521,2.492,2.513,2.231,2.237,4.355,2.493,2.2,2.484,1.279,1.269,1.019,1.083,1.246,1.127,3.094,1.888,2.173,3.29,0.604,0.601,0.604,0.605,0.608,0.628,2.461,1.278,1.335,0.291,0.292,0.293,0.289,0.282,1.052,3.092
3.296,2.482,2.225,2.382,2.518,2.244,4.354,2.225,2.23,2.484,1.282,1.1,1.264,1.267,1.172,1.258,2.957,2.173,2.168,3.159,0.605,0.602,0.602,0.606,0.61,0.626,2.485,1.143,1.335,0.293,0.268,0.291,0.289,0.285,1.061,3.293
3.296,2.237,2.253,2.512,2.519,2.416,4.802,2.377,2.359,2.486,1.283,1.269,1.264,1.267,1.246,1.258,2.826,2.174,2.17,3.292,0.604,0.601,0.469,0.605,0.608,0.628,1.978,1.36,1.334,0.292,0.292,0.293,0.289,0.284,1.073,3.294
3.298,2.33,2.511,2.318,2.501,2.525,4.642,2.209,2.486,2.274,1.283,1.141,1.126,1.267,1.188,1.236,2.722,2.17,1.884,3.295,0.605,0.602,0.501,0.606,0.61,0.626,2.485,1.36,1.28,0.293,0.292,0.289,0.289,0.284,1.096,3.241
3.213,2.522,2.512,2.513,2.233,2.191,4.854,2.209,2.487,2.26,1.283,1.269,1.264,1.032,1.247,1.258,2.722,2.168,1.939,3.293,0.602,0.602,0.604,0.605,0.61,0.628,2.289,1.36,1.334,0.291,0.292,0.293,0.287,0.284,1.109,2.834
3.298,2.372,2.512,2.512,2.519,2.525,4.64,2.403,2.404,2.485,1.284,1.178,1.264,1.267,1.246,1.258,3.294,1.956,2.17,3.294,0.604,0.477,0.558,0.606,0.609,0.626,2.484,1.231,1.29,0.293,0.292,0.293,0.289,0.284,1.116,3.291
3.011,2.524,2.059,2.227,2.168,2.247,4.354,2.494,2.488,2.488,1.283,1.269,1.264,1.267,1.246,1.258,3.133,2.173,2.171,3.007,0.544,0.601,0.604,0.604,0.61,0.488,2.485,1.344,1.335,0.293,0.292,0.293,0.288,0.284,1.024,3.293
3.081,2.522,2.231,1.969,2.343,2.525,4.354,2.343,2.488,2.487,1.284,1.269,1.206,1.267,1.246,1.258,3.295,2.175,2.17,3.293,0.604,0.599,0.602,0.476,0.505,0.626,2.484,1.214,1.334,0.293,0.292,0.293,0.289,0.282,1.125,3.295
3.295,2.275,2.511,2.142,2.514,2.524,4.675,2.493,1.948,1.96,1.253,1.103,1.086,1.267,1.102,1.063,3.16,1.823,1.884,2.721,0.602,0.467,0.604,0.606,0.61,0.628,2.485,1.077,1.168,0.293,0.29,0.291,0.288,0.284,1.047,2.899
3.296,2.522,2.511,2.513,2.236,2.239,4.351,2.491,2.201,2.125,1.132,1.27,0.999,1.017,0.975,1.259,3.011,1.969,2.126,2.721,0.604,0.552,0.602,0.506,0.608,0.49,2.485,1.364,1.332,0.293,0.292,0.293,0.289,0.282,1.124,3.295
3.237,2.521,2.513,2.475,2.518,2.525,4.352,2.206,2.486,2.201,1.286,1.151,1.264,1.267,1.081,1.258,3.295,2.177,1.989,2.729,0.502,0.601,0.604,0.471,0.61,0.626,2.199,1.087,1.187,0.294,0.239,0.277,0.288,0.284,1.051,3.213
3.294,2.521,2.514,2.512,2.45,2.525,4.353,2.209,2.486,2.486,1.286,1.269,0.994,1.264,1.21,1.258,3.01,2.177,2.169,3.005,0.604,0.599,0.602,0.605,0.528,0.626,2.215,1.364,1.331,0.294,0.292,0.293,0.288,0.284,1.123,3.083
3.294,2.521,2.231,2.236,2.233,2.148,4.523,2.493,2.051,2.335,1.287,1.211,1.156,1.267,1.244,1.208,2.862,2.176,1.883,3.08,0.602,0.467,0.604,0.606,0.61,0.625,2.485,1.364,1.168,0.229,0.291,0.293,0.288,0.285,1.111,2.955
3.296,2.512,2.12,2.512,2.518,2.526,4.695,2.442,2.223,2.487,1.099,1.269,1.264,1.266,1.244,1.258,2.723,2.177,2.171,2.935,0.604,0.602,0.499,0.606,0.506,0.626,2.228,1.363,1.332,0.294,0.292,0.293,0.288,0.285,1.1,3.116
3.009,2.519,2.004,2.274,2.099,2.525,4.862,2.494,2.102,2.486,1.286,1.268,1.264,1.172,1.19,1.258,3.157,2.135,2.174,2.81,0.602,0.496,0.604,0.607,0.61,0.561,2.485,1.363,1.333,0.294,0.292,0.293,0.288,0.284,1.099,2.722
3.138,2.263,2.168,2.513,2.519,2.525,4.469,2.496,2.484,2.485,1.286,1.158,1.264,1.267,1.242,1.258,2.736,2.177,2.176,2.972,0.604,0.602,0.602,0.606,0.593,0.626,2.466,1.363,1.088,0.293,0.29,0.292,0.288,0.285,0.925,3.133
3.13,2.519,2.417,2.302,2.154,2.525,4.925,2.496,2.482,2.42,1.093,1.048,1.265,1.267,1.214,1.256,3.174,2.177,2.177,2.719,0.604,0.601,0.604,0.605,0.61,0.625,2.322,1.142,1.335,0.294,0.292,0.293,0.288,0.284,1.075,3.294
3.17,2.235,2.227,2.227,2.321,2.482,4.353,2.374,2.483,2.484,1.254,1.222,1.264,1.083,1.241,1.259,3.041,2.177,2.111,2.733,0.476,0.602,0.602,0.607,0.61,0.626,2.485,1.295,1.097,0.243,0.291,0.292,0.288,0.285,1.085,3.292
2.759,2.52,2.511,2.513,2.204,2.091,4.354,2.498,2.484,2.483,1.285,1.107,1.257,1.267,1.243,1.259,2.723,2.178,1.976,2.72,0.469,0.559,0.604,0.606,0.608,0.625,2.102,1.363,1.244,0.294,0.292,0.293,0.288,0.284,1.084,3.295
3.294,2.522,2.511,2.513,2.516,2.524,4.605,2.498,2.482,2.484,1.283,1.269,1.265,1.114,1.241,1.258,3.295,1.889,2.174,2.785,0.49,0.602,0.543,0.606,0.61,0.625,2.484,1.217,1.335,0.294,0.292,0.293,0.286,0.285,0.95,3.293
3.075,2.236,2.511,2.513,2.5,2.525,4.351,2.014,2.483,2.228,1.153,1.166,0.984,1.266,0.989,1.225,3.293,1.916,2.158,3.007,0.604,0.589,0.604,0.56,0.529,0.626,2.484,1.087,1.335,0.294,0.292,0.293,0.288,0.285,1.082,2.809
3.226,2.521,2.018,2.512,2.518,2.525,4.405,2.214,2.482,2.484,1.021,1.05,1.139,1.143,1.241,1.073,3.297,2.175,2.173,2.822,0.602,0.601,0.551,0.606,0.61,0.52,2.485,1.362,1.334,0.294,0.292,0.293,0.286,0.285,0.975,3.294
3.1,2.522,2.226,2.227,2.518,2.239,4.638,2.5,2.482,2.484,1.285,1.033,1.011,1.267,1.241,1.027,3.227,1.936,2.143,2.985,0.604,0.601,0.469,0.605,0.522,0.488,2.484,1.117,1.258,0.294,0.29,0.293,0.288,0.285,1.075,3.295
3.255,2.146,2.512,2.0,2.488,2.524,4.48,2.501,2.483,2.485,1.285,1.146,1.081,1.267,1.243,1.257,3.095,2.176,1.869,2.72,0.602,0.484,0.602,0.606,0.474,0.536,2.199,1.274,1.332,0.229,0.292,0.293,0.288,0.285,1.074,3.292
3.296,2.026,2.512,2.16,2.233,2.524,4.639,2.39,2.482,2.042,1.285,1.269,1.264,1.267,1.059,1.191,3.184,2.176,2.174,2.745,0.604,0.601,0.604,0.606,0.603,0.488,2.421,1.364,1.332,0.294,0.292,0.291,0.288,0.285,1.072,2.88
2.998,2.522,2.511,2.434,2.518,2.481,4.353,2.497,2.482,2.487,1.285,1.17,1.264,1.267,1.243,1.256,3.11,2.173,2.164,0.533,0.604,0.5,0.585,0.497,0.608,0.626,1.999,1.365,1.139,0.294,0.292,0.293,0.288,0.284,1.072,3.295
3.151,2.346,2.263,2.513,2.432,2.525,4.639,2.496,2.198,2.485,1.061,1.268,1.264,1.183,1.243,1.258,2.723,2.176,2.025,3.292,0.604,0.601,0.604,0.607,0.611,0.628,2.431,1.365,1.332,0.294,0.292,0.292,0.288,0.285,0.908,2.722
2.738,2.507,2.511,2.513,2.519,2.258,4.354,2.495,2.352,2.485,1.286,1.018,1.265,1.266,1.235,1.213,3.011,2.01,2.174,1.353,0.603,0.599,0.602,0.606,0.559,0.627,2.486,1.35,1.332,0.294,0.292,0.293,0.288,0.284,1.074,3.01
3.009,2.521,2.511,2.514,2.519,2.525,4.686,2.494,2.484,2.438,1.252,1.268,1.087,1.15,1.244,1.09,3.257,1.888,2.17,1.517,0.604,0.601,0.604,0.607,0.61,0.628,2.201,1.225,1.333,0.294,0.292,0.293,0.286,0.285,1.071,3.007
2.77,1.982,2.274,2.227,2.366,2.524,4.927,2.494,2.483,2.485,1.286,1.01,1.0,1.264,1.245,1.256,3.01,2.173,1.893,1.597,0.604,0.6,0.604,0.559,0.608,0.626,2.012,1.363,1.333,0.294,0.292,0.293,0.288,0.284,1.075,3.049
3.01,2.331,2.511,2.513,2.515,2.524,4.826,1.968,2.484,2.487,1.284,1.269,1.264,1.267,1.245,1.258,3.267,2.174,2.172,1.557,0.604,0.467,0.472,0.607,0.61,0.628,2.2,1.363,1.334,0.257,0.292,0.293,0.272,0.285,1.075,3.293
3.011,2.314,2.512,2.144,2.519,2.524,4.425,2.423,2.483,2.378,1.286,1.269,1.264,1.267,1.0,1.241,3.012,2.178,1.96,1.604,0.598,0.6,0.604,0.606,0.608,0.612,2.199,1.362,1.333,0.294,0.29,0.248,0.288,0.285,0.837,2.841
2.966,2.288,2.512,2.514,2.519,1.996,4.352,2.493,2.337,2.485,1.286,1.269,1.264,1.167,1.245,1.258,3.282,2.055,2.171,1.535,0.605,0.601,0.602,0.606,0.61,0.628,2.453,1.362,1.333,0.293,0.227,0.293,0.288,0.285,0.987,3.281
3.296,2.52,2.512,2.464,2.467,2.524,4.472,2.493,2.198,2.485,1.188,1.269,1.264,1.267,1.181,1.258,3.008,1.928,2.173,1.377,0.605,0.6,0.604,0.607,0.61,0.628,2.201,1.361,1.332,0.294,0.272,0.291,0.288,0.285,1.074,2.868
3.295,2.245,2.434,2.058,2.518,2.524,4.401,2.209,2.483,2.484,1.285,1.269,1.204,1.269,1.243,1.259,3.295,2.082,2.174,1.599,0.603,0.601,0.569,0.606,0.61,0.626,2.485,1.361,1.332,0.229,0.292,0.293,0.288,0.285,1.075,3.292
2.724,2.522,2.021,2.244,2.52,2.525,4.352,2.24,2.401,2.219,1.215,1.18,1.265,1.267,0.975,1.259,3.009,2.178,2.174,1.491,0.605,0.6,0.604,0.607,0.61,0.628,2.332,1.187,1.331,0.294,0.292,0.293,0.286,0.285,1.074,3.292
3.296,1.998,2.511,2.512,2.232,2.426,4.704,2.497,2.197,2.393,1.085,1.269,1.243,1.267,1.243,1.184,3.012,2.174,1.887,1.364,0.604,0.601,0.516,0.606,0.609,0.626,2.486,1.342,1.13,0.294,0.292,0.293,0.288,0.285,1.047,2.807
2.723,2.521,2.511,2.271,1.996,2.03,4.353,2.291,2.345,2.485,1.243,1.232,1.132,1.267,1.243,1.26,3.156,2.174,2.173,1.506,0.605,0.601,0.604,0.607,0.611,0.628,2.35,1.36,1.287,0.294,0.227,0.293,0.286,0.285,1.073,2.722
2.791,2.336,2.236,2.512,2.518,2.493,4.754,2.267,2.483,2.485,1.165,1.268,0.986,1.225,1.169,1.2,3.296,2.13,2.171,1.571,0.604,0.6,0.602,0.606,0.517,0.595,2.487,1.353,1.331,0.294,0.292,0.291,0.288,0.285,0.847,3.008
2.942,2.523,2.511,2.513,2.518,2.523,4.357,2.497,2.482,2.485,1.277,1.269,1.265,1.268,1.243,1.258,2.872,2.174,2.173,1.218,0.605,0.601,0.604,0.472,0.611,0.628,2.34,1.359,1.33,0.292,0.292,0.293,0.288,0.285,1.059,3.018
3.008,2.522,2.512,2.512,2.27,2.523,4.818,2.498,2.197,2.22,1.283,1.095,1.011,1.234,1.245,1.257,3.295,2.0,2.096,1.369,0.603,0.601,0.531,0.601,0.61,0.626,2.486,1.361,1.207,0.294,0.292,0.261,0.288,0.284,1.058,3.181
3.293,2.521,2.511,2.398,2.086,2.443,4.423,2.499,2.483,2.485,1.286,1.04,1.164,1.267,1.057,1.09,3.293,2.174,1.962,1.251,0.604,0.602,0.604,0.606,0.611,0.492,2.085,1.361,1.085,0.293,0.292,0.293,0.288,0.285,1.052,3.296
3.295,2.234,2.512,2.514,2.249,2.523,4.594,2.499,2.482,2.485,1.178,1.269,1.265,1.267,1.245,1.257,3.008,2.174,2.109,1.375,0.602,0.601,0.602,0.607,0.609,0.628,1.947,1.364,1.334,0.294,0.292,0.287,0.288,0.284,0.818,3.294
3.295,2.521,2.219,2.355,2.517,2.237,4.76,2.183,2.482,2.441,1.286,1.088,1.264,1.267,1.246,1.257,2.722,2.175,2.173,0.534,0.604,0.601,0.604,0.606,0.61,0.626,2.2,1.263,1.127,0.294,0.227,0.292,0.288,0.285,1.051,3.295
2.897,2.521,2.389,2.227,2.232,2.397,4.639,2.497,2.483,2.047,1.286,1.253,1.051,1.25,1.245,1.258,3.295,2.177,2.172,0.604,0.554,0.528,0.602,0.607,0.579,0.628,2.484,1.132,1.334,0.294,0.29,0.292,0.288,0.276,1.051,3.294
3.298,2.518,2.512,2.161,2.518,2.523,4.64,2.212,2.484,2.199,1.286,1.131,1.264,1.267,1.245,1.258,3.196,2.051,2.172,0.603,0.604,0.601,0.604,0.606,0.61,0.545,2.198,1.362,1.334,0.294,0.292,0.292,0.288,0.285,1.051,3.018
2.724,2.233,2.513,2.43,2.052,2.524,4.684,2.415,2.479,2.391,1.285,1.269,1.265,1.267,1.245,1.259,3.294,1.956,1.886,0.604,0.602,0.542,0.547,0.473,0.483,0.628,2.247,1.156,1.327,0.294,0.29,0.292,0.251,0.285,0.815,3.142
2.816,2.392,2.317,2.486,2.507,2.523,4.355,2.295,2.199,2.281,1.286,1.269,1.265,1.267,1.243,1.259,3.008,1.893,2.026,0.602,0.604,0.601,0.604,0.606,0.61,0.626,2.119,1.363,1.332,0.294,0.292,0.29,0.288,0.285,0.943,2.874
3.169,2.52,2.511,2.512,2.519,2.526,4.64,2.498,1.973,2.2,1.249,1.269,1.265,1.267,1.245,1.236,3.294,1.936,1.894,0.604,0.602,0.599,0.557,0.608,0.61,0.628,2.486,1.363,1.331,0.294,0.29,0.292,0.279,0.285,1.065,3.293
3.139,2.234,2.077,2.505,1.987,2.155,4.614,2.349,2.269,2.485,1.286,1.269,1.02,1.267,1.082,1.259,3.295,2.182,1.885,0.471,0.604,0.601,0.604,0.606,0.608,0.626,2.485,1.364,1.331,0.294,0.292,0.29,0.288,0.285,1.066,3.204
2.728,2.321,2.242,2.513,2.518,2.525,4.356,2.233,2.381,2.2,1.286,1.269,1.09,1.018,1.246,1.259,3.293,1.948,2.175,0.469,0.469,0.6,0.602,0.607,0.61,0.628,2.279,1.364,1.099,0.293,0.29,0.292,0.288,0.285,1.061,3.083
3.296,2.519,2.409,2.287,2.518,2.525,4.665,2.119,2.206,2.485,1.285,1.269,1.265,1.077,1.247,1.258,3.001,2.062,2.172,0.605,0.479,0.467,0.604,0.589,0.609,0.622,2.485,1.364,1.331,0.228,0.292,0.227,0.288,0.285,1.064,3.008
3.298,2.231,2.511,2.512,2.518,2.24,4.542,2.499,2.101,2.296,1.03,1.269,1.097,1.044,1.021,1.258,3.152,1.907,2.175,0.603,0.605,0.6,0.602,0.607,0.61,0.626,2.404,1.364,1.332,0.292,0.292,0.292,0.288,0.285,1.064,3.008
3.295,2.519,2.225,2.227,2.231,2.239,4.643,2.466,1.989,2.183,1.193,1.269,0.998,1.2,1.167,1.258,2.737,2.176,2.172,0.607,0.604,0.601,0.604,0.606,0.608,0.628,2.485,1.362,1.284,0.293,0.292,0.227,0.288,0.285,0.999,3.008
2.769,2.516,2.054,2.513,2.26,2.292,4.863,2.499,2.484,2.485,1.287,1.27,1.264,1.268,1.185,1.258,3.008,1.706,2.174,0.604,0.605,0.599,0.603,0.472,0.61,0.52,2.484,1.36,1.333,0.283,0.227,0.292,0.288,0.285,1.058,2.88
2.724,2.284,2.242,2.087,2.34,2.524,4.743,2.499,2.484,2.485,1.225,1.165,1.264,1.235,1.246,1.259,3.294,2.15,2.038,0.607,0.604,0.601,0.602,0.608,0.608,0.628,2.484,1.144,1.334,0.293,0.292,0.292,0.288,0.284,0.87,2.751
3.056,2.313,2.389,2.246,2.015,2.51,4.354,2.497,2.485,2.486,1.287,1.005,1.264,1.146,1.245,1.259,2.919,1.739,1.698,0.604,0.605,0.601,0.469,0.482,0.61,0.626,2.362,1.359,1.334,0.293,0.292,0.29,0.224,0.285,1.06,3.19
3.295,2.333,2.226,2.512,2.518,2.328,4.353,2.498,2.483,1.999,1.255,1.27,1.264,1.268,1.246,1.23,3.295,2.178,2.176,0.606,0.604,0.599,0.563,0.608,0.609,0.628,2.485,1.359,1.331,0.228,0.292,0.292,0.288,0.284,1.025,3.081
3.009,2.52,2.512,2.463,2.415,2.434,4.352,2.498,2.482,2.25,1.287,1.253,1.264,1.141,1.246,1.259,3.292,2.046,2.135,0.604,0.605,0.602,0.604,0.606,0.61,0.626,2.077,1.359,1.333,0.293,0.292,0.29,0.288,0.222,0.894,1.067
2.995,2.521,2.319,2.451,2.25,2.52,4.351,2.214,2.197,2.367,1.004,1.165,1.046,1.268,1.234,1.259,3.009,1.916,2.182,0.606,0.603,0.6,0.602,0.608,0.609,0.628,2.233,1.179,1.335,0.293,0.264,0.293,0.288,0.284,1.037,3.087
3.294,2.235,2.483,2.047,2.518,2.524,4.35,2.498,2.482,2.485,1.283,1.269,1.265,1.162,1.105,1.126,3.293,2.18,2.063,0.545,0.605,0.602,0.604,0.498,0.61,0.584,2.315,1.338,1.334,0.293,0.227,0.293,0.288,0.286,0.905,2.965
3.02,2.155,2.363,2.512,2.495,2.524,4.35,2.298,2.484,2.485,1.026,1.059,1.265,1.025,1.246,1.259,3.294,2.183,2.178,0.606,0.603,0.524,0.602,0.608,0.609,0.49,2.485,1.212,1.335,0.293,0.291,0.293,0.288,0.284,1.033,3.009
2.891,2.521,2.512,2.382,2.518,2.196,4.436,2.499,2.482,1.99,1.282,1.072,1.264,1.182,1.127,1.259,3.278,2.181,2.176,0.604,0.605,0.468,0.604,0.508,0.61,0.628,2.199,1.087,1.112,0.292,0.291,0.293,0.288,0.285,1.032,3.002
2.76,2.519,2.346,2.512,2.518,2.523,4.882,2.499,2.43,2.447,1.282,1.229,1.265,1.052,0.996,1.258,3.294,2.181,2.173,0.605,0.604,0.601,0.602,0.472,0.61,0.629,2.29,1.361,1.336,0.293,0.292,0.293,0.286,0.285,1.031,2.723
3.203,2.385,2.227,2.511,2.232,2.523,4.684,2.214,2.484,2.199,1.281,1.269,1.264,1.047,1.155,1.258,2.726,1.892,2.172,0.604,0.605,0.602,0.604,0.606,0.608,0.626,2.485,1.361,1.287,0.293,0.29,0.293,0.224,0.285,0.919,2.75
3.077,2.264,2.445,2.445,2.518,2.327,4.352,2.499,2.364,2.212,1.096,1.269,1.264,1.267,1.245,1.258,3.132,1.973,2.17,0.605,0.603,0.601,0.602,0.607,0.61,0.626,2.2,1.363,1.334,0.292,0.292,0.291,0.286,0.285,0.919,3.008
2.947,2.233,2.513,2.182,2.519,2.523,4.354,2.499,2.485,2.484,1.285,1.269,1.221,1.222,1.143,1.189,3.118,2.175,2.165,0.604,0.605,0.603,0.604,0.606,0.608,0.628,2.177,1.362,1.334,0.293,0.292,0.293,0.288,0.285,0.916,3.295
3.293,2.518,2.512,2.403,2.363,2.522,4.657,2.043,2.485,2.484,1.286,1.269,1.079,1.166,1.244,1.258,3.175,2.005,1.72,0.605,0.603,0.601,0.592,0.608,0.61,0.515,2.486,1.363,1.173,0.291,0.292,0.258,0.286,0.285,0.917,3.197
3.292,2.234,2.227,2.231,2.002,2.523,4.64,2.228,2.291,2.425,1.284,1.269,1.265,1.267,1.244,1.211,3.037,2.173,1.872,0.603,0.605,0.602,0.604,0.506,0.55,0.628,2.198,1.362,1.336,0.293,0.292,0.292,0.288,0.285,0.917,3.292
3.007,2.518,2.512,2.395,2.518,2.312,4.355,2.39,2.485,2.483,1.285,1.048,1.088,1.267,1.162,1.259,3.293,2.17,2.724,0.605,0.605,0.601,0.604,0.608,0.61,0.626,2.486,1.361,1.336,0.293,0.291,0.29,0.223,0.285,0.871,3.291
3.024,2.519,2.512,2.512,2.069,2.523,4.851,1.991,2.485,2.485,1.285,1.203,1.234,1.268,1.244,1.24,3.093,2.173,3.01,0.603,0.578,0.602,0.482,0.481,0.609,0.628,2.484,1.363,1.045,0.293,0.292,0.292,0.288,0.284,0.913,2.863
2.902,2.115,2.315,2.227,2.245,2.398,4.355,2.284,2.254,2.485,1.198,1.268,1.264,1.267,1.078,1.26,2.918,2.17,3.196,0.605,0.605,0.601,0.469,0.607,0.61,0.558,2.089,1.362,1.336,0.293,0.29,0.292,0.288,0.285,0.984,3.293
3.294,2.281,2.48,2.039,2.351,2.239,4.891,2.039,2.484,2.484,1.283,1.228,1.265,1.267,1.244,1.259,3.294,2.171,2.178,0.605,0.514,0.469,0.514,0.472,0.608,0.629,2.485,1.362,1.336,0.228,0.291,0.292,0.288,0.284,0.994,3.19
2.943,2.516,2.389,2.202,2.519,2.16,4.355,2.215,2.33,2.483,1.285,1.268,1.264,1.267,1.245,1.259,3.234,2.17,2.174,0.479,0.605,0.602,0.604,0.496,0.481,0.576,2.485,1.237,1.335,0.293,0.292,0.292,0.288,0.285,1.001,2.787
3.109,2.34,2.501,2.372,2.519,2.524,4.356,2.498,2.476,2.322,1.283,1.268,1.265,1.267,0.986,1.26,3.102,2.173,1.921,0.605,0.604,0.601,0.55,0.607,0.61,0.629,2.446,1.363,1.334,0.293,0.292,0.227,0.288,0.284,1.034,3.29
2.72,2.23,2.511,2.513,2.233,2.526,4.806,2.214,2.2,2.486,1.284,1.268,1.145,1.108,1.064,1.26,3.26,2.099,1.782,0.604,0.605,0.602,0.603,0.605,0.608,0.628,2.486,1.363,1.335,0.293,0.292,0.227,0.224,0.285,1.033,3.119
2.72,2.399,2.435,2.132,2.519,2.524,4.397,2.124,2.415,2.389,1.285,1.268,1.264,1.254,1.244,1.259,3.296,2.171,2.174,0.606,0.604,0.576,0.602,0.607,0.61,0.629,2.485,1.363,1.333,0.293,0.292,0.29,0.286,0.285,1.033,3.0
3.109,2.291,2.266,2.295,2.519,2.478,4.557,2.212,2.179,1.995,1.286,1.094,1.264,1.116,1.189,1.259,3.007,2.171,1.887,0.605,0.605,0.603,0.603,0.606,0.608,0.607,2.486,1.364,1.333,0.293,0.291,0.292,0.289,0.285,1.033,3.29
3.193,2.291,2.514,2.513,2.233,2.24,4.351,2.211,2.484,2.484,1.105,1.269,1.264,1.267,1.245,1.26,2.722,2.173,2.172,0.606,0.604,0.601,0.604,0.607,0.61,0.631,2.485,1.364,1.335,0.291,0.29,0.277,0.269,0.285,1.035,3.008
2.789,2.229,2.513,2.346,2.233,2.525,4.871,2.496,2.485,2.486,1.286,1.269,1.265,1.13,1.245,1.142,3.295,2.175,2.051,0.605,0.605,0.602,0.602,0.597,0.609,0.629,2.15,1.363,1.336,0.294,0.292,0.293,0.289,0.285,0.904,2.936
2.953,2.516,2.132,2.229,2.359,2.525,4.348,2.301,2.198,2.484,1.284,1.064,1.072,1.267,1.114,1.258,3.131,2.176,1.962,0.606,0.604,0.601,0.604,0.607,0.474,0.628,2.485,1.362,0.684,0.292,0.292,0.292,0.289,0.285,0.992,2.818
3.291,2.343,2.454,2.514,2.25,2.527,4.351,2.497,2.484,2.2,1.286,1.269,1.223,1.128,1.246,1.258,3.293,2.151,2.173,0.607,0.605,0.602,0.522,0.607,0.608,0.629,2.46,1.363,0.75,0.294,0.292,0.292,0.289,0.286,0.928,3.293
3.291,2.514,2.466,2.514,2.233,2.527,4.506,2.213,1.937,2.294,1.285,1.269,1.264,1.267,1.246,1.258,3.008,1.894,2.17,0.606,0.605,0.601,0.604,0.505,0.61,0.628,2.043,1.363,0.657,0.277,0.292,0.292,0.289,0.285,0.96,3.153
3.161,2.515,2.402,2.441,2.458,2.282,4.353,2.068,2.484,2.198,1.109,1.0,1.264,1.267,1.009,1.258,3.294,1.893,1.844,0.607,0.604,0.602,0.556,0.607,0.61,0.628,2.486,1.177,1.289,0.294,0.292,0.293,0.289,0.285,0.968,3.028
3.006,2.516,2.231,2.324,2.518,2.527,4.351,2.501,1.991,2.354,1.285,1.126,1.106,0.996,1.172,1.258,2.722,2.138,2.172,0.606,0.605,0.601,0.604,0.529,0.611,0.59,2.345,1.116,1.336,0.228,0.292,0.293,0.289,0.285,0.964,3.194
3.206,2.245,2.403,2.515,2.518,2.242,4.352,2.115,2.485,2.483,1.284,1.269,1.265,1.267,1.245,1.258,3.11,1.898,2.172,0.607,0.603,0.602,0.602,0.607,0.611,0.628,2.214,1.361,1.335,0.294,0.287,0.291,0.289,0.284,0.955,3.073
3.09,2.232,1.997,2.378,1.973,2.526,4.467,2.279,2.485,2.483,1.285,1.269,1.265,1.018,1.214,1.167,2.975,2.182,2.126,0.606,0.605,0.601,0.604,0.502,0.61,0.627,2.486,1.157,1.185,0.294,0.292,0.293,0.288,0.285,0.955,2.72
2.962,2.008,2.513,2.26,2.231,2.326,4.732,2.445,2.485,2.308,1.285,1.269,1.264,1.267,1.119,1.26,3.136,1.923,2.173,0.607,0.493,0.602,0.604,0.607,0.611,0.628,2.484,1.362,1.336,0.294,0.246,0.293,0.288,0.285,0.968,3.294
2.837,2.235,2.514,2.425,2.518,2.525,4.432,2.497,2.434,2.485,1.285,1.171,1.147,1.267,1.247,1.161,3.294,2.075,1.888,0.606,0.605,0.601,0.602,0.607,0.499,0.626,2.2,1.198,1.338,0.229,0.292,0.293,0.288,0.285,0.961,3.292
3.291,2.521,2.514,2.515,2.518,2.24,4.769,2.211,2.485,2.33,1.202,1.268,1.264,1.183,1.247,1.261,3.163,2.184,2.173,0.607,0.51,0.602,0.604,0.606,0.611,0.628,2.459,1.078,1.338,0.294,0.29,0.293,0.286,0.285,0.968,3.292
3.291,2.214,2.514,2.188,2.518,2.238,4.354,2.343,2.221,2.483,1.282,1.182,1.264,1.048,1.013,1.261,3.041,1.892,2.088,0.665,0.605,0.468,0.602,0.607,0.516,0.628,2.484,1.365,1.34,0.294,0.292,0.293,0.288,0.285,0.844,3.032
3.292,2.093,1.956,2.23,2.518,2.525,4.352,2.21,2.486,2.482,1.283,1.268,1.264,1.267,1.245,1.262,3.219,2.179,2.173,0.825,0.604,0.601,0.604,0.606,0.611,0.629,2.198,1.127,1.341,0.294,0.227,0.293,0.286,0.285,0.772,2.72
3.291,2.52,2.113,2.516,2.518,2.526,4.639,2.497,2.486,2.483,1.283,1.268,1.265,1.267,1.244,1.145,3.063,2.176,2.062,0.816,0.605,0.602,0.602,0.607,0.532,0.593,2.484,1.365,0.749,0.294,0.291,0.292,0.288,0.285,0.978,3.293
3.293,2.134,2.513,2.228,2.52,2.244,4.554,2.036,2.484,2.198,1.285,1.074,1.264,1.269,1.203,0.989,2.948,2.178,1.903,0.827,0.603,0.601,0.604,0.563,0.61,0.629,2.199,1.364,0.707,0.23,0.292,0.228,0.286,0.285,0.949,3.235
2.721,2.234,2.146,2.514,2.233,2.525,4.433,2.498,2.485,2.104,1.283,1.231,1.244,1.269,1.244,1.119,2.82,2.178,2.113,0.829,0.605,0.602,0.602,0.607,0.609,0.596,2.483,1.336,0.749,0.295,0.29,0.292,0.288,0.285,0.921,3.029
3.293,2.519,2.452,2.513,2.141,2.524,4.351,2.341,1.963,2.277,1.284,1.268,1.119,1.24,1.237,1.262,2.971,2.18,1.697,0.827,0.603,0.503,0.604,0.606,0.475,0.629,2.485,1.363,1.337,0.229,0.292,0.293,0.286,0.285,0.93,3.153
3.267,2.35,2.513,2.513,2.518,2.24,4.481,1.985,2.484,2.453,1.283,1.268,1.264,1.267,1.244,1.262,3.297,2.122,2.173,0.829,0.605,0.602,0.602,0.608,0.61,0.605,2.263,1.363,1.337,0.294,0.29,0.292,0.288,0.285,0.921,3.006
2.853,2.234,2.046,2.513,2.487,2.394,4.355,2.212,2.389,2.484,1.279,1.268,1.264,1.267,0.991,1.262,3.27,2.178,1.724,0.828,0.604,0.601,0.604,0.606,0.611,0.629,2.022,1.364,1.336,0.283,0.292,0.293,0.288,0.285,0.79,3.294
3.008,2.519,2.495,2.101,2.518,2.525,4.806,2.32,2.486,2.227,1.183,0.997,1.265,1.267,1.243,1.262,3.295,2.178,2.171,0.646,0.605,0.603,0.604,0.607,0.61,0.628,2.485,1.365,1.336,0.294,0.292,0.293,0.288,0.284,0.891,2.907
3.291,2.517,2.375,2.228,2.518,2.329,4.926,2.237,2.484,2.199,1.279,1.27,1.264,1.267,1.035,1.262,3.286,1.89,1.756,0.697,0.603,0.512,0.602,0.606,0.611,0.488,2.483,1.365,1.124,0.262,0.292,0.293,0.289,0.285,0.897,2.781
3.292,2.518,2.513,2.513,2.233,2.436,4.355,2.368,2.404,2.29,1.278,1.27,1.264,1.267,1.243,1.262,2.867,2.178,2.173,0.829,0.604,0.602,0.604,0.607,0.569,0.628,2.2,1.364,1.337,0.294,0.227,0.293,0.289,0.284,0.689,3.292
3.006,2.516,2.513,2.023,2.519,2.526,4.697,2.497,2.485,2.485,1.279,1.27,1.264,1.006,1.24,1.263,3.023,1.709,2.063,0.832,0.605,0.515,0.602,0.608,0.611,0.626,2.068,1.342,1.337,0.293,0.292,0.232,0.289,0.285,0.721,3.009
3.294,2.516,2.299,2.228,2.518,2.525,4.851,2.137,2.382,2.199,1.281,1.268,1.264,1.161,1.24,1.21,2.889,2.145,1.932,0.801,0.603,0.603,0.604,0.606,0.61,0.628,2.484,1.363,1.212,0.294,0.292,0.293,0.289,0.284,0.87,2.723
3.263,2.515,2.462,2.356,2.519,2.526,4.354,2.024,2.282,2.245,1.28,1.171,1.264,1.267,1.242,1.078,3.295,2.179,2.064,0.836,0.605,0.521,0.602,0.607,0.611,0.626,2.377,1.104,1.337,0.229,0.292,0.273,0.289,0.285,0.894,3.294
2.722,2.515,2.513,2.513,2.519,2.525,4.638,2.481,2.486,2.286,1.281,1.268,1.264,1.267,0.984,1.262,2.722,2.165,1.913,0.834,0.603,0.603,0.604,0.573,0.61,0.628,2.199,1.363,1.336,0.294,0.292,0.293,0.288,0.285,0.773,3.289
3.125,2.325,2.512,2.513,2.518,2.063,4.354,2.21,2.486,2.485,1.282,1.268,0.983,1.267,1.058,1.262,3.011,1.892,2.097,0.835,0.605,0.601,0.602,0.607,0.611,0.626,2.484,1.144,1.069,0.229,0.292,0.293,0.288,0.285,0.871,3.292
2.721,2.448,2.098,2.004,2.518,2.238,4.898,1.963,2.201,2.191,1.283,1.062,1.264,1.267,1.241,1.258,2.936,2.023,2.171,0.733,0.603,0.602,0.604,0.606,0.61,0.628,2.485,1.303,1.233,0.294,0.292,0.293,0.277,0.285,0.86,3.045
3.008,2.516,2.259,2.514,2.518,2.368,4.483,2.211,2.201,2.366,1.176,1.268,1.265,1.267,1.03,1.126,3.094,2.175,2.12,0.726,0.605,0.601,0.602,0.607,0.611,0.626,2.403,1.361,1.338,0.294,0.242,0.293,0.224,0.286,0.851,3.292
3.291,2.516,2.426,2.417,2.102,2.294,4.637,2.497,2.201,2.483,1.283,1.088,1.182,1.267,1.051,0.999,3.239,2.149,2.162,0.611,0.603,0.602,0.604,0.517,0.61,0.629,2.264,1.36,1.281,0.294,0.292,0.293,0.286,0.287,0.749,2.808
3.293,2.514,2.512,2.228,2.518,2.468,4.635,2.497,2.48,2.434,1.286,1.268,1.061,1.267,1.244,1.262,3.297,2.173,2.009,0.716,0.605,0.515,0.604,0.607,0.611,0.608,2.484,1.361,1.164,0.294,0.27,0.293,0.288,0.286,0.612,3.292
2.721,2.515,2.47,2.514,2.518,2.525,4.352,2.498,2.485,2.483,1.286,1.268,1.022,1.267,1.242,1.262,3.257,2.161,2.174,0.704,0.603,0.468,0.592,0.484,0.611,0.629,2.42,1.361,1.054,0.294,0.291,0.264,0.288,0.222,0.75,3.006
3.13,2.514,2.345,2.229,2.348,2.244,4.487,2.497,2.3,2.197,1.228,0.989,1.266,1.267,1.241,1.262,3.295,2.02,1.995,3.135,0.605,0.51,0.604,0.607,0.61,0.628,2.144,1.361,1.211,0.294,0.292,0.293,0.288,0.244,0.749,3.294
3.29,2.515,2.513,2.424,2.24,2.525,4.424,2.498,2.199,2.484,1.286,1.268,1.264,0.987,1.24,1.043,2.721,2.172,1.732,3.008,0.605,0.602,0.506,0.607,0.611,0.491,2.485,1.363,1.296,0.294,0.292,0.293,0.288,0.286,0.752,3.181
2.878,2.515,2.373,2.227,2.351,2.462,4.351,2.272,2.486,2.288,1.286,1.268,1.264,1.266,1.239,1.262,2.875,1.744,2.168,3.292,0.603,0.601,0.604,0.606,0.61,0.631,2.199,1.362,1.14,0.294,0.292,0.293,0.288,0.261,0.681,3.009
3.008,1.961,2.515,2.285,2.52,2.241,4.684,2.152,2.485,2.482,1.284,1.269,1.264,1.008,1.239,1.183,3.293,2.174,2.171,2.771,0.605,0.602,0.533,0.607,0.61,0.601,2.295,1.168,1.117,0.231,0.291,0.293,0.288,0.285,0.826,3.292
2.92,2.125,2.513,2.063,2.466,2.386,4.623,2.32,2.201,2.359,1.286,1.049,1.264,1.091,1.028,1.262,3.201,2.172,2.174,3.219,0.604,0.585,0.604,0.606,0.566,0.63,2.485,1.328,1.274,0.294,0.292,0.292,0.238,0.277,0.851,3.294
3.295,2.515,2.513,2.515,2.52,2.525,4.784,2.498,2.057,2.485,1.285,1.268,1.264,1.266,1.008,1.178,3.292,2.174,2.049,3.294,0.47,0.602,0.546,0.607,0.61,0.63,2.399,1.202,1.34,0.293,0.29,0.293,0.288,0.285,0.893,2.983
3.293,2.516,2.32,2.513,2.52,2.175,4.64,2.362,1.946,2.133,1.286,1.09,1.264,1.266,1.23,1.211,3.291,2.173,2.173,3.259,0.531,0.599,0.604,0.606,0.536,0.63,2.486,1.361,1.079,0.294,0.292,0.266,0.286,0.285,0.902,3.293
3.296,2.516,2.445,2.27,2.4,2.422,4.354,2.211,2.407,2.484,1.286,1.268,1.163,1.266,1.236,1.261,3.294,2.175,1.772,3.133,0.47,0.603,0.602,0.607,0.61,0.629,2.31,1.189,1.339,0.293,0.278,0.293,0.224,0.285,0.75,3.294
3.266,2.518,2.513,2.229,2.232,2.527,4.408,2.497,2.408,2.218,1.073,1.268,1.253,1.189,1.235,1.26,2.993,2.173,1.927,3.003,0.558,0.602,0.604,0.504,0.551,0.63,2.251,1.106,1.053,0.294,0.292,0.293,0.288,0.285,0.904,2.906
3.133,2.516,2.347,2.513,2.518,2.527,4.64,2.498,2.485,2.485,1.236,1.268,1.265,1.267,1.222,1.076,3.291,2.175,2.078,3.131,0.605,0.602,0.589,0.607,0.61,0.525,2.486,1.154,1.341,0.293,0.292,0.293,0.288,0.285,0.788,3.295
2.997,2.229,2.223,2.276,2.353,2.313,4.722,2.472,2.076,2.484,1.114,1.267,1.238,1.267,1.094,1.261,3.007,2.063,2.171,3.009,0.604,0.602,0.604,0.475,0.576,0.629,2.2,1.362,1.341,0.294,0.292,0.293,0.288,0.285,0.902,3.008
3.294,2.474,2.098,2.513,2.236,2.202,4.354,2.074,2.2,2.485,1.285,1.269,1.265,1.061,1.223,1.259,2.898,2.178,1.885,3.132,0.605,0.594,0.604,0.606,0.61,0.628,2.487,1.301,1.341,0.229,0.227,0.291,0.224,0.284,0.906,3.295
3.295,2.371,1.973,2.515,2.52,2.527,4.351,2.498,2.146,2.485,1.284,1.269,1.052,1.267,1.12,1.219,3.054,2.084,1.886,3.294,0.603,0.602,0.471,0.607,0.608,0.629,2.429,1.363,1.126,0.294,0.289,0.293,0.288,0.285,0.876,3.294
3.292,2.516,2.512,2.515,2.519,2.527,4.622,2.213,2.038,2.486,1.024,1.268,1.265,1.267,1.228,1.08,3.205,2.178,1.887,2.938,0.605,0.601,0.603,0.511,0.61,0.628,2.201,1.363,1.34,0.294,0.291,0.291,0.288,0.284,0.856,2.867
3.295,2.515,2.512,2.014,2.52,2.527,4.496,2.212,2.487,2.485,1.176,1.268,1.265,1.231,1.155,1.261,3.293,2.045,2.174,3.292,0.59,0.602,0.488,0.607,0.61,0.627,2.486,1.361,1.337,0.294,0.29,0.293,0.288,0.285,0.849,3.107
3.293,2.23,2.511,2.467,2.52,2.314,4.354,2.475,2.485,2.484,1.048,1.163,1.265,1.267,1.146,1.149,3.239,2.177,2.176,3.291,0.605,0.601,0.604,0.533,0.608,0.628,2.486,1.09,1.336,0.294,0.292,0.293,0.288,0.285,0.854,2.915
3.294,2.517,2.512,2.515,1.96,2.291,4.52,2.35,2.2,2.45,1.281,1.269,1.123,1.267,1.191,1.261,3.026,2.174,1.897,3.29,0.605,0.602,0.602,0.607,0.61,0.512,2.485,1.361,1.334,0.294,0.292,0.293,0.288,0.285,0.857,3.079
3.293,2.416,2.496,2.514,2.234,2.526,4.4,2.498,2.486,2.484,1.079,1.269,0.992,1.267,1.237,1.261,3.152,1.693,1.892,3.008,0.605,0.601,0.603,0.606,0.608,0.488,2.198,1.13,1.334,0.294,0.291,0.293,0.286,0.285,0.859,3.24
3.294,2.23,2.512,2.419,2.46,2.241,4.352,2.498,2.343,2.484,1.036,1.27,1.148,1.267,1.232,1.262,2.862,2.175,2.177,2.721,0.605,0.602,0.555,0.608,0.61,0.626,2.486,1.361,1.336,0.294,0.292,0.293,0.288,0.285,0.834,3.291
2.984,2.515,2.512,2.229,2.519,2.141,4.713,2.213,2.2,2.198,1.107,1.269,1.017,1.267,1.106,1.262,2.735,2.175,2.176,3.077,0.603,0.505,0.604,0.508,0.61,0.626,2.2,1.361,1.337,0.294,0.292,0.293,0.24,0.285,0.861,3.01
