2m_40deg,2m_30deg,2m_20deg,2m_10deg,2m_0deg,2m_-10deg,2m_-20deg,2m_-30deg,2m_-40deg,1m_-40deg,1m_-30deg,1m_-20deg,1m_-10deg,1m_0deg,1m_10deg,1m_20deg,1m_30deg,1m_40deg,0.5m_40deg,0.5m_30deg,0.5m_20deg,0.5m_10deg,0.5m_0deg,0.5m_-10deg,0.5m_-20deg,0.5m_-30deg,0.5m_-40deg,0.25m_-40deg,0.25m_-30deg,0.25m_-20deg,0.25m_-10deg,0.25m_0deg,0.25m_10deg,0.25m_20deg,0.25m_30deg,0.25m_40deg
2.311,2.602,2.595,2.152,2.302,2.52,2.42,2.586,2.306,1.347,1.111,1.104,1.3,1.335,1.073,1.341,1.347,1.255,0.685,0.685,0.585,0.677,0.673,0.674,0.562,0.603,0.641,1.392,0.356,0.361,0.354,0.356,0.357,0.363,0.377,0.875
2.138,2.602,2.59,2.564,2.588,2.588,2.309,2.321,2.54,1.347,1.343,1.248,1.335,1.131,1.339,1.132,1.346,1.286,0.686,0.683,0.683,0.676,0.675,0.676,0.68,0.683,0.685,1.391,0.358,0.359,0.354,0.354,0.357,0.362,0.293,1.013
2.251,2.464,2.594,2.124,2.587,2.587,2.594,2.301,2.289,1.157,1.343,1.104,1.289,1.28,1.056,1.342,1.347,1.356,0.685,0.685,0.683,0.677,0.567,0.641,0.61,0.681,0.684,1.218,0.358,0.361,0.354,0.355,0.357,0.363,0.377,1.01
2.605,2.317,2.555,2.59,2.412,2.079,2.309,2.586,2.253,1.347,1.343,1.251,1.335,1.335,1.338,1.341,1.348,1.357,0.686,0.684,0.683,0.626,0.675,0.676,0.68,0.683,0.685,1.391,0.358,0.327,0.354,0.354,0.357,0.362,0.376,0.817
2.473,2.603,2.113,2.59,2.544,2.588,2.309,2.39,2.54,1.347,1.079,1.341,1.335,1.335,1.338,1.316,1.229,1.356,0.685,0.685,0.683,0.677,0.625,0.674,0.679,0.682,0.684,1.391,0.358,0.361,0.352,0.356,0.357,0.363,0.377,0.988
2.575,2.39,2.594,2.59,2.5,2.587,2.596,2.586,2.411,1.347,1.216,1.342,1.335,1.335,1.338,1.342,1.348,1.356,0.545,0.684,0.683,0.642,0.675,0.671,0.68,0.683,0.685,1.39,0.357,0.361,0.354,0.355,0.357,0.363,0.356,1.008
2.395,2.318,2.536,2.59,2.362,2.501,2.311,2.587,2.54,1.105,1.317,1.342,1.276,1.335,1.304,1.341,1.348,1.357,0.686,0.685,0.682,0.677,0.673,0.677,0.646,0.682,0.684,1.39,0.358,0.361,0.339,0.356,0.355,0.363,0.377,1.011
2.501,2.604,2.486,2.477,2.514,2.36,2.595,2.587,2.539,1.238,1.343,1.341,1.335,1.335,1.338,1.341,1.103,1.357,0.685,0.685,0.683,0.668,0.674,0.676,0.68,0.683,0.687,1.389,0.358,0.361,0.354,0.355,0.357,0.363,0.377,1.011
2.603,2.561,2.594,2.589,2.502,2.505,2.596,2.587,2.522,1.347,1.329,1.342,1.268,1.106,1.338,1.341,1.348,1.332,0.686,0.685,0.585,0.675,0.6,0.677,0.664,0.682,0.684,1.39,0.358,0.359,0.354,0.354,0.339,0.362,0.377,1.011
2.437,2.602,2.164,2.589,2.301,2.301,2.596,2.586,2.538,1.212,1.343,1.342,1.121,1.335,1.243,1.342,1.347,1.357,0.651,0.533,0.683,0.677,0.674,0.676,0.679,0.683,0.684,1.39,0.358,0.361,0.355,0.356,0.357,0.363,0.377,1.013
2.55,2.488,2.568,2.294,2.586,2.225,2.596,2.054,2.513,1.345,1.342,1.279,1.336,1.335,1.338,1.339,1.273,1.355,0.686,0.588,0.682,0.676,0.613,0.677,0.681,0.681,0.685,1.263,0.356,0.359,0.355,0.354,0.326,0.362,0.306,1.013
2.381,2.317,2.111,2.461,2.301,2.587,2.595,2.585,2.538,1.348,1.343,1.135,1.112,1.254,1.12,1.341,1.347,1.356,0.686,0.685,0.683,0.677,0.675,0.573,0.547,0.683,0.685,1.121,0.358,0.361,0.354,0.355,0.277,0.363,0.377,1.016
2.213,2.411,2.38,2.304,2.587,2.302,2.595,2.055,2.54,1.347,1.343,1.109,1.335,1.118,1.253,1.34,1.348,1.358,0.685,0.685,0.681,0.676,0.629,0.677,0.529,0.635,0.686,1.253,0.356,0.361,0.354,0.356,0.315,0.362,0.376,0.919
2.606,2.391,2.595,2.303,2.587,2.369,2.594,2.301,2.342,1.346,1.343,1.341,1.335,1.262,1.339,1.341,1.157,1.356,0.686,0.534,0.683,0.677,0.674,0.676,0.679,0.683,0.685,1.39,0.358,0.361,0.353,0.355,0.357,0.363,0.377,0.8
2.455,2.316,2.464,2.589,2.302,2.514,2.595,2.301,2.192,1.346,1.343,1.276,1.336,1.335,1.338,1.054,1.307,1.108,0.685,0.646,0.681,0.605,0.673,0.677,0.68,0.631,0.687,1.392,0.358,0.36,0.354,0.356,0.328,0.363,0.376,1.015
2.287,2.603,2.309,2.589,2.302,2.089,2.594,2.586,2.539,1.3,1.343,1.341,1.335,1.106,1.068,1.341,1.17,1.358,0.685,0.686,0.683,0.677,0.675,0.592,0.578,0.683,0.637,1.104,0.358,0.359,0.353,0.282,0.357,0.363,0.377,1.014
2.116,2.284,2.595,2.304,2.3,2.586,2.517,2.31,2.333,1.14,1.342,1.342,1.336,1.335,1.339,1.341,1.347,1.279,0.683,0.563,0.682,0.676,0.673,0.527,0.68,0.682,0.687,1.245,0.358,0.361,0.354,0.356,0.298,0.363,0.376,1.016
2.605,2.316,2.372,2.588,2.3,2.378,2.594,2.441,2.318,1.345,1.343,1.341,1.326,1.335,1.337,1.341,1.189,1.356,0.684,0.685,0.683,0.677,0.663,0.605,0.616,0.683,0.685,1.389,0.356,0.36,0.354,0.354,0.357,0.293,0.376,1.016
2.573,2.406,2.071,2.49,2.586,2.518,2.593,2.303,2.539,1.345,1.342,1.109,1.177,1.13,1.338,1.341,1.346,1.356,0.685,0.667,0.682,0.675,0.525,0.677,0.68,0.634,0.687,1.39,0.358,0.36,0.354,0.355,0.355,0.363,0.376,0.796
2.604,2.602,2.473,2.59,2.586,2.519,2.309,2.589,2.538,1.239,1.342,1.342,1.335,1.335,1.337,1.341,1.21,1.357,0.684,0.533,0.683,0.677,0.673,0.676,0.679,0.683,0.685,1.389,0.356,0.361,0.354,0.276,0.357,0.325,0.377,0.844
2.602,2.6,2.592,2.417,2.338,2.588,2.595,2.305,2.44,1.346,1.103,1.342,1.335,1.335,1.157,1.092,1.071,1.358,0.685,0.685,0.658,0.676,0.675,0.677,0.68,0.638,0.685,1.39,0.358,0.29,0.353,0.355,0.355,0.362,0.377,1.017
2.602,2.552,2.593,2.304,2.301,2.061,2.42,2.59,2.006,1.346,1.343,1.342,1.299,1.088,1.283,1.341,1.215,1.358,0.684,0.55,0.683,0.676,0.673,0.676,0.625,0.683,0.687,1.388,0.358,0.361,0.354,0.277,0.357,0.355,0.376,1.019
2.602,2.383,2.593,2.59,2.587,2.481,2.593,2.59,2.252,1.33,1.343,1.341,1.335,1.146,1.126,1.105,1.348,1.357,0.685,0.687,0.682,0.677,0.675,0.677,0.68,0.682,0.685,1.39,0.357,0.359,0.353,0.285,0.278,0.362,0.376,0.905
2.347,2.598,2.531,2.284,2.586,2.327,2.309,2.59,2.538,1.195,1.254,1.342,1.335,1.335,1.337,1.13,1.348,1.078,0.679,0.646,0.532,0.676,0.673,0.676,0.559,0.683,0.687,1.39,0.358,0.279,0.275,0.356,0.357,0.362,0.374,0.791
2.604,2.581,2.415,2.59,2.301,2.588,2.594,2.59,2.144,1.346,1.342,1.256,1.335,1.335,1.337,1.341,1.075,1.232,0.557,0.687,0.681,0.677,0.674,0.677,0.68,0.639,0.684,1.39,0.357,0.359,0.354,0.354,0.357,0.362,0.376,1.017
2.603,2.6,2.31,2.532,2.587,2.588,2.595,2.368,2.252,1.344,1.343,1.341,1.335,1.118,1.218,1.341,1.347,1.103,0.685,0.685,0.541,0.676,0.607,0.676,0.679,0.531,0.687,1.39,0.358,0.359,0.354,0.356,0.357,0.362,0.376,1.017
2.603,2.6,2.429,2.589,2.586,2.434,2.595,2.214,2.428,1.345,1.343,1.342,1.335,1.121,1.337,1.121,1.346,1.356,0.683,0.687,0.53,0.677,0.674,0.677,0.54,0.682,0.602,1.391,0.358,0.359,0.354,0.354,0.278,0.314,0.374,1.017
2.319,2.314,2.594,2.302,2.585,2.588,2.125,2.59,1.997,1.345,1.343,1.342,1.286,1.335,1.131,1.341,1.347,1.356,0.685,0.684,0.68,0.676,0.673,0.676,0.68,0.683,0.687,1.391,0.278,0.359,0.353,0.355,0.357,0.362,0.375,0.904
2.606,2.223,2.308,2.344,2.585,2.303,2.595,2.589,2.372,1.276,1.343,1.341,1.335,1.335,1.117,1.341,1.067,1.356,0.651,0.686,0.681,0.677,0.674,0.677,0.679,0.682,0.684,1.261,0.358,0.361,0.354,0.355,0.357,0.36,0.372,1.015
2.606,2.6,2.594,2.183,2.578,2.588,2.307,2.314,2.539,1.345,1.255,1.272,1.285,1.289,1.337,1.341,1.205,1.356,0.683,0.607,0.565,0.676,0.673,0.671,0.68,0.683,0.687,1.391,0.356,0.359,0.353,0.355,0.357,0.362,0.373,0.841
2.599,2.45,2.594,2.589,2.586,2.378,2.594,2.59,2.539,1.345,1.343,1.125,1.335,1.334,1.337,1.342,1.346,1.309,0.684,0.685,0.682,0.677,0.675,0.539,0.679,0.665,0.685,1.392,0.358,0.36,0.354,0.356,0.357,0.362,0.372,0.844
2.606,2.316,2.594,2.429,2.3,2.224,2.074,2.279,2.54,1.096,1.343,1.342,1.335,1.068,1.081,1.109,1.347,1.175,0.682,0.684,0.682,0.675,0.659,0.677,0.68,0.683,0.687,1.138,0.358,0.359,0.354,0.355,0.357,0.362,0.372,1.011
2.32,2.407,2.588,2.303,2.585,2.361,2.213,2.59,2.157,1.172,1.343,1.342,1.24,1.335,1.337,1.341,1.346,1.089,0.533,0.685,0.683,0.677,0.525,0.562,0.679,0.532,0.685,1.393,0.358,0.359,0.354,0.277,0.357,0.362,0.372,1.007
2.606,2.599,2.309,2.112,2.528,2.303,2.594,2.252,2.016,1.342,1.343,1.342,1.268,1.316,1.319,1.342,1.186,1.356,0.573,0.651,0.682,0.675,0.674,0.677,0.68,0.682,0.687,1.393,0.358,0.359,0.354,0.287,0.277,0.362,0.289,1.01
2.217,2.355,2.353,2.237,2.586,2.303,2.594,2.589,2.448,1.345,1.118,1.12,1.116,1.335,1.187,1.341,1.347,1.339,0.685,0.685,0.683,0.677,0.544,0.676,0.679,0.683,0.685,1.393,0.356,0.358,0.354,0.355,0.357,0.362,0.372,0.941
2.606,2.6,2.526,2.303,2.516,2.184,2.327,2.383,2.539,1.345,1.263,1.341,1.335,1.051,1.337,1.342,1.171,1.21,0.685,0.684,0.681,0.66,0.675,0.677,0.68,0.562,0.685,1.393,0.358,0.359,0.355,0.307,0.355,0.36,0.372,1.009
2.321,2.601,2.595,2.588,2.587,2.315,2.178,2.346,2.357,1.345,1.123,1.341,1.335,1.202,1.164,1.342,1.31,1.356,0.683,0.671,0.683,0.529,0.673,0.675,0.679,0.531,0.534,1.393,0.356,0.358,0.356,0.354,0.357,0.281,0.372,1.011
2.547,2.137,2.594,2.56,2.494,2.302,2.308,2.588,2.537,1.345,1.343,1.342,1.335,1.064,1.337,1.342,1.347,1.357,0.685,0.686,0.628,0.677,0.675,0.677,0.68,0.682,0.685,1.393,0.358,0.359,0.355,0.326,0.286,0.296,0.371,1.011
2.32,2.372,2.595,2.451,2.586,2.581,2.594,2.316,2.538,1.345,1.343,1.342,1.335,1.161,1.337,1.237,1.347,1.118,0.623,0.684,0.683,0.551,0.672,0.676,0.679,0.683,0.687,1.393,0.358,0.359,0.355,0.354,0.357,0.362,0.372,1.012
2.321,2.081,2.594,2.292,2.585,2.587,2.289,2.305,2.51,1.345,1.343,1.342,1.334,1.335,1.337,1.342,1.347,1.357,0.685,0.685,0.682,0.677,0.524,0.527,0.68,0.681,0.685,1.393,0.295,0.359,0.354,0.354,0.355,0.362,0.371,1.012
2.301,2.6,2.594,2.59,2.585,2.302,2.593,2.563,2.539,1.108,1.343,1.115,1.335,1.335,1.337,1.138,1.298,1.154,0.665,0.684,0.683,0.676,0.672,0.632,0.678,0.683,0.687,1.304,0.358,0.359,0.355,0.354,0.357,0.362,0.372,1.012
2.604,2.6,2.219,2.589,2.586,2.302,2.309,2.304,2.539,1.244,1.343,1.342,1.335,1.088,1.127,1.342,1.24,1.357,0.544,0.687,0.682,0.677,0.673,0.526,0.663,0.62,0.607,1.17,0.356,0.358,0.307,0.354,0.355,0.362,0.371,0.986
2.604,2.417,2.344,2.589,2.565,2.588,2.594,2.59,2.138,1.093,1.135,1.342,1.335,1.24,1.337,1.131,1.347,1.231,0.686,0.685,0.683,0.676,0.672,0.565,0.529,0.683,0.687,1.318,0.358,0.359,0.355,0.354,0.357,0.36,0.372,0.934
2.603,2.245,2.594,2.216,2.449,2.127,2.256,2.304,2.253,1.171,1.343,1.342,1.301,1.103,1.337,1.268,1.347,1.335,0.685,0.685,0.672,0.677,0.674,0.676,0.679,0.681,0.685,1.295,0.358,0.279,0.275,0.354,0.355,0.362,0.371,1.014
2.603,2.075,2.022,2.057,2.302,2.589,2.594,2.589,2.422,1.346,1.343,1.102,1.335,1.334,1.337,1.122,1.347,1.358,0.686,0.685,0.682,0.676,0.672,0.675,0.68,0.683,0.687,1.393,0.358,0.359,0.354,0.301,0.357,0.361,0.372,1.013
2.31,2.599,2.308,2.303,2.587,2.116,2.522,2.304,2.539,1.346,1.343,1.342,1.313,1.119,1.202,1.342,1.347,1.356,0.627,0.686,0.683,0.677,0.674,0.676,0.679,0.682,0.632,1.393,0.358,0.359,0.354,0.354,0.355,0.362,0.372,1.013
2.605,2.313,2.593,2.019,2.326,2.542,2.593,2.476,2.418,1.346,1.343,1.341,1.198,1.334,1.336,1.342,1.347,1.358,0.686,0.58,0.682,0.676,0.551,0.652,0.68,0.683,0.687,1.347,0.356,0.358,0.354,0.353,0.358,0.362,0.29,0.985
2.319,2.479,2.594,2.135,2.587,2.587,2.593,2.588,1.988,1.347,1.282,1.342,1.335,1.235,1.337,1.248,1.347,1.357,0.685,0.687,0.683,0.677,0.674,0.676,0.679,0.682,0.685,1.392,0.358,0.279,0.354,0.354,0.357,0.362,0.373,1.011
2.605,2.261,2.308,2.59,2.301,2.587,2.307,2.187,2.254,1.317,1.343,1.342,1.334,1.335,1.337,1.341,1.347,1.24,0.685,0.685,0.682,0.676,0.548,0.675,0.68,0.683,0.687,1.392,0.357,0.305,0.353,0.354,0.358,0.362,0.374,1.011
2.606,2.378,2.543,2.59,2.586,2.587,2.593,2.304,1.982,1.162,1.343,1.253,1.334,1.334,1.153,1.341,1.347,1.357,0.685,0.687,0.683,0.677,0.674,0.674,0.679,0.682,0.685,1.236,0.358,0.359,0.354,0.275,0.356,0.362,0.373,1.01
2.604,2.315,2.595,2.404,2.587,2.587,2.568,2.465,2.54,1.294,1.343,1.342,1.335,1.335,1.292,1.108,1.347,1.254,0.58,0.685,0.682,0.654,0.672,0.674,0.681,0.681,0.684,1.105,0.358,0.279,0.353,0.354,0.358,0.362,0.302,1.011
2.422,2.6,2.309,2.03,2.302,2.486,2.593,2.303,1.981,1.143,1.262,1.252,1.335,1.198,1.145,1.248,1.347,1.117,0.685,0.687,0.683,0.677,0.673,0.674,0.605,0.683,0.685,1.392,0.358,0.359,0.275,0.354,0.358,0.361,0.373,1.01
2.602,2.466,2.593,2.59,2.586,2.537,2.593,2.453,2.54,1.121,1.343,1.1,1.335,1.333,1.336,1.342,1.227,1.357,0.613,0.662,0.583,0.676,0.672,0.526,0.68,0.681,0.566,1.128,0.358,0.359,0.354,0.354,0.358,0.362,0.372,1.011
2.603,2.281,2.594,2.267,2.056,2.385,2.161,2.303,2.274,1.124,1.25,1.235,1.335,1.194,1.336,1.248,1.347,1.357,0.685,0.687,0.683,0.676,0.673,0.675,0.616,0.682,0.685,1.391,0.321,0.358,0.354,0.301,0.358,0.361,0.373,1.012
2.603,2.315,2.595,2.303,2.418,2.524,2.583,2.303,2.256,1.262,1.343,1.342,1.335,1.335,1.277,1.342,1.186,1.13,0.571,0.669,0.591,0.677,0.672,0.676,0.68,0.587,0.616,1.142,0.358,0.359,0.354,0.354,0.358,0.362,0.372,0.911
2.032,2.6,2.229,2.227,2.586,2.509,2.595,2.573,2.541,1.347,1.241,1.228,1.335,1.335,1.336,1.247,1.345,1.357,0.686,0.685,0.683,0.566,0.673,0.675,0.576,0.683,0.685,1.288,0.358,0.358,0.354,0.353,0.357,0.361,0.374,1.007
2.608,2.6,2.554,2.303,2.43,2.514,2.278,2.465,2.541,1.259,1.093,1.342,1.335,1.335,1.337,1.342,1.347,1.357,0.533,0.685,0.681,0.677,0.672,0.526,0.68,0.682,0.684,1.32,0.358,0.359,0.354,0.354,0.358,0.362,0.372,1.004
2.541,2.476,2.429,2.589,2.586,2.365,2.408,2.334,2.541,1.347,1.343,1.223,1.248,1.211,1.078,1.342,1.059,1.356,0.562,0.685,0.683,0.676,0.673,0.674,0.554,0.683,0.686,1.392,0.358,0.359,0.353,0.354,0.357,0.36,0.374,1.004
2.609,2.314,2.59,2.585,2.392,2.499,2.309,2.589,2.414,1.346,1.343,1.342,1.335,1.336,1.336,1.341,1.19,1.357,0.685,0.685,0.607,0.677,0.569,0.676,0.68,0.681,0.682,1.164,0.356,0.359,0.354,0.354,0.358,0.362,0.373,0.782
2.191,2.6,2.593,2.423,2.231,2.302,2.594,2.588,1.982,1.348,1.343,1.342,1.335,1.24,1.337,1.342,1.346,1.357,0.684,0.685,0.531,0.676,0.673,0.674,0.533,0.683,0.685,1.391,0.358,0.359,0.352,0.354,0.357,0.362,0.373,1.006
2.609,2.263,2.594,2.589,2.586,2.2,2.595,2.511,2.254,1.348,1.091,1.342,1.335,1.276,1.337,1.341,1.208,1.357,0.685,0.687,0.682,0.677,0.578,0.676,0.679,0.682,0.686,1.183,0.356,0.358,0.354,0.354,0.357,0.362,0.373,0.794
2.407,2.314,2.595,2.589,2.586,2.555,2.518,2.588,2.54,1.105,1.342,1.342,1.153,1.13,1.336,1.341,1.347,1.356,0.642,0.553,0.683,0.676,0.673,0.674,0.68,0.683,0.685,1.391,0.358,0.279,0.354,0.354,0.357,0.281,0.29,1.008
2.522,2.6,2.392,2.588,2.035,2.589,2.517,2.588,2.401,1.347,1.343,1.341,1.301,1.335,1.149,1.341,1.212,1.355,0.685,0.687,0.681,0.678,0.672,0.525,0.679,0.631,0.687,1.268,0.358,0.326,0.354,0.353,0.295,0.362,0.374,1.009
2.608,2.6,2.342,2.304,2.587,2.026,2.52,2.487,2.536,1.346,1.342,1.342,1.205,1.249,1.337,1.341,1.347,1.211,0.684,0.685,0.683,0.675,0.673,0.584,0.68,0.531,0.685,1.355,0.358,0.359,0.354,0.355,0.278,0.362,0.374,1.013
2.606,2.601,2.435,2.588,2.284,2.59,2.594,2.587,2.254,1.346,1.343,1.075,1.334,1.264,1.337,1.341,1.348,1.357,0.534,0.687,0.682,0.677,0.602,0.676,0.677,0.682,0.687,1.222,0.358,0.359,0.353,0.353,0.303,0.36,0.374,1.012
2.322,2.311,2.578,2.588,2.586,2.575,2.368,2.588,2.53,1.346,1.235,1.341,1.192,1.114,1.277,1.342,1.067,1.357,0.686,0.685,0.683,0.677,0.673,0.675,0.528,0.683,0.685,1.388,0.356,0.359,0.354,0.354,0.357,0.362,0.303,1.042
2.607,2.601,2.308,2.589,2.352,2.588,2.595,2.578,2.384,1.217,1.342,1.342,1.335,1.335,1.337,1.342,1.219,1.356,0.684,0.687,0.682,0.677,0.672,0.526,0.602,0.663,0.685,1.232,0.358,0.359,0.334,0.353,0.357,0.36,0.29,1.011
2.608,2.601,2.593,2.589,2.366,2.339,2.357,2.443,2.539,1.061,1.343,1.342,1.334,1.335,1.278,1.341,1.078,1.356,0.684,0.686,0.531,0.677,0.673,0.674,0.679,0.531,0.686,1.091,0.356,0.285,0.354,0.354,0.357,0.362,0.372,1.02
2.605,2.518,2.308,2.588,2.586,2.112,2.593,2.589,2.382,1.195,1.093,1.342,1.086,1.336,1.136,1.342,1.347,1.356,0.683,0.687,0.681,0.601,0.615,0.676,0.62,0.666,0.584,1.391,0.358,0.359,0.354,0.354,0.311,0.362,0.374,1.02
2.605,2.601,2.486,2.485,2.587,2.349,2.071,2.59,2.539,1.347,1.343,1.342,1.335,1.097,1.338,1.301,1.348,1.356,0.685,0.685,0.681,0.677,0.673,0.674,0.679,0.683,0.686,1.382,0.358,0.325,0.354,0.354,0.357,0.362,0.372,0.893
2.275,2.052,2.594,2.588,2.586,2.588,2.495,2.305,2.381,1.347,1.094,1.057,1.276,1.335,1.141,1.342,1.347,1.356,0.633,0.687,0.683,0.677,0.629,0.676,0.677,0.681,0.622,1.391,0.278,0.359,0.354,0.354,0.314,0.362,0.373,1.016
2.32,2.602,2.593,2.443,2.02,2.238,2.593,2.589,2.519,1.349,1.24,1.342,1.335,1.289,1.337,1.342,1.347,1.357,0.685,0.685,0.562,0.677,0.524,0.674,0.679,0.681,0.686,1.367,0.358,0.279,0.353,0.283,0.357,0.362,0.371,0.931
2.496,2.6,2.308,2.589,2.587,2.589,2.482,2.518,2.539,1.349,1.096,1.333,1.335,1.148,1.338,1.341,1.347,1.354,0.684,0.687,0.683,0.671,0.551,0.676,0.677,0.683,0.684,1.255,0.357,0.359,0.354,0.354,0.356,0.362,0.374,0.97
2.607,2.6,2.593,2.588,2.281,2.589,2.329,2.074,2.254,1.348,1.343,1.189,1.335,1.081,1.28,1.342,1.346,1.355,0.55,0.625,0.681,0.676,0.674,0.633,0.674,0.681,0.686,1.122,0.358,0.359,0.353,0.353,0.357,0.361,0.29,0.944
2.605,2.314,2.535,2.589,2.587,2.303,2.593,2.304,2.54,1.163,1.343,1.341,1.122,1.335,1.245,1.217,1.212,1.2,0.685,0.686,0.683,0.677,0.54,0.676,0.679,0.683,0.685,1.274,0.358,0.358,0.354,0.354,0.329,0.362,0.372,0.971
2.606,2.6,2.379,2.304,2.587,2.304,2.024,2.33,2.54,1.348,1.236,1.342,1.335,1.334,1.107,1.076,1.072,1.355,0.588,0.685,0.682,0.559,0.674,0.674,0.677,0.682,0.684,1.391,0.278,0.359,0.353,0.353,0.357,0.339,0.374,0.973
2.605,2.164,2.223,2.304,2.302,2.588,2.447,2.172,2.43,1.348,1.343,1.342,1.334,1.335,1.336,1.342,1.348,1.355,0.686,0.687,0.531,0.677,0.527,0.676,0.679,0.683,0.685,1.39,0.278,0.358,0.354,0.354,0.355,0.362,0.289,0.878
2.478,2.599,2.593,2.304,2.587,2.49,2.308,2.59,2.538,1.348,1.342,1.342,1.334,1.335,1.266,1.342,1.081,1.355,0.685,0.678,0.681,0.675,0.536,0.658,0.677,0.681,0.684,1.156,0.323,0.359,0.354,0.354,0.357,0.362,0.372,0.969
2.301,2.6,2.488,2.435,2.07,2.589,2.592,2.427,2.429,1.348,1.284,1.273,1.335,1.335,1.336,1.342,1.348,1.264,0.687,0.547,0.683,0.677,0.673,0.676,0.528,0.683,0.685,1.39,0.358,0.358,0.354,0.354,0.355,0.362,0.372,0.935
2.323,2.314,2.327,2.333,2.2,2.589,2.58,2.59,2.539,1.291,1.247,1.342,1.307,1.087,1.336,1.342,1.347,1.355,0.684,0.687,0.682,0.676,0.673,0.674,0.58,0.642,0.684,1.391,0.358,0.359,0.354,0.355,0.357,0.362,0.373,0.984
2.612,2.065,2.593,2.589,2.301,2.304,2.592,2.398,2.094,1.347,1.343,1.342,1.206,1.229,1.336,1.153,1.347,1.114,0.685,0.57,0.683,0.677,0.674,0.528,0.679,0.683,0.685,1.39,0.358,0.359,0.353,0.354,0.334,0.362,0.372,0.979
2.612,2.438,2.312,2.511,2.587,2.44,2.288,2.249,2.542,1.294,1.343,1.341,1.335,1.335,1.336,1.342,1.348,1.246,0.685,0.687,0.682,0.676,0.673,0.674,0.539,0.681,0.683,1.292,0.358,0.359,0.276,0.354,0.357,0.362,0.373,0.985
2.614,2.6,2.594,2.304,2.302,2.564,2.14,2.589,2.428,1.147,1.102,1.283,1.196,1.335,1.336,1.341,1.348,1.315,0.569,0.685,0.683,0.677,0.674,0.537,0.677,0.532,0.546,1.33,0.357,0.359,0.353,0.354,0.355,0.36,0.372,0.988
2.615,2.601,2.594,2.589,2.429,2.486,2.592,2.588,2.543,1.346,1.343,1.143,1.335,1.335,1.112,1.342,1.11,1.231,0.685,0.687,0.682,0.676,0.673,0.676,0.679,0.683,0.686,1.39,0.358,0.358,0.355,0.354,0.357,0.362,0.373,0.823
2.372,2.539,2.507,2.588,2.301,2.588,2.131,2.588,2.375,1.244,1.094,1.342,1.335,1.335,1.336,1.341,1.348,1.355,0.683,0.614,0.681,0.527,0.674,0.553,0.678,0.682,0.684,1.349,0.357,0.359,0.355,0.353,0.355,0.361,0.372,0.992
2.613,2.6,2.594,2.588,2.587,2.37,2.593,2.227,2.541,1.348,1.343,1.228,1.333,1.334,1.258,1.341,1.348,1.355,0.685,0.686,0.683,0.676,0.624,0.676,0.679,0.684,0.686,1.39,0.358,0.279,0.355,0.354,0.358,0.281,0.374,0.996
2.583,2.494,2.308,2.267,2.587,2.588,2.593,2.589,2.255,1.241,1.082,1.341,1.335,1.335,1.337,1.341,1.348,1.346,0.684,0.686,0.682,0.677,0.674,0.568,0.677,0.681,0.623,1.388,0.358,0.359,0.354,0.288,0.355,0.36,0.373,1.0
2.12,2.574,2.425,2.59,2.373,2.336,2.593,2.587,2.539,1.348,1.22,1.342,1.047,1.335,1.12,1.325,1.348,1.216,0.684,0.686,0.683,0.67,0.673,0.676,0.679,0.684,0.686,1.388,0.358,0.359,0.354,0.354,0.358,0.362,0.374,0.781
2.225,2.459,2.594,2.588,2.221,2.302,2.593,2.588,2.54,1.348,1.343,1.307,1.196,1.334,1.336,1.187,1.131,1.355,0.685,0.685,0.681,0.676,0.674,0.581,0.678,0.682,0.684,1.387,0.358,0.358,0.355,0.353,0.357,0.36,0.373,1.006
2.046,2.313,2.439,2.589,2.532,2.021,2.356,2.587,2.255,1.304,1.343,1.34,1.334,1.335,1.119,1.34,1.348,1.356,0.642,0.687,0.683,0.677,0.673,0.676,0.679,0.532,0.685,1.389,0.293,0.279,0.354,0.354,0.357,0.362,0.374,1.012
2.608,2.601,2.566,2.303,2.586,2.588,2.593,2.054,2.08,1.348,1.051,1.312,1.167,1.115,1.337,1.342,1.258,1.356,0.685,0.685,0.595,0.676,0.673,0.674,0.677,0.623,0.685,1.386,0.358,0.358,0.355,0.353,0.28,0.362,0.374,1.025
2.608,2.6,2.594,2.302,2.049,2.587,2.593,2.589,2.255,1.348,1.343,1.341,1.335,1.335,1.336,1.342,1.347,1.355,0.606,0.685,0.683,0.677,0.656,0.676,0.547,0.531,0.685,1.216,0.357,0.361,0.356,0.275,0.358,0.362,0.374,1.024
2.608,2.6,2.594,2.588,2.587,2.134,2.307,2.303,2.541,1.348,1.344,1.342,1.215,1.334,1.337,1.342,1.347,1.355,0.685,0.687,0.598,0.546,0.673,0.674,0.679,0.681,0.685,1.39,0.358,0.361,0.356,0.319,0.355,0.362,0.29,1.025
2.608,2.316,2.593,2.543,2.568,2.588,2.227,2.588,2.306,1.346,1.172,1.342,1.299,1.334,1.337,1.342,1.347,1.262,0.568,0.685,0.683,0.677,0.665,0.676,0.677,0.681,0.685,1.39,0.358,0.36,0.356,0.354,0.357,0.281,0.374,1.022
2.563,2.049,2.308,2.303,2.587,2.403,2.529,2.309,2.255,1.347,1.343,1.342,1.335,1.334,1.336,1.342,1.348,1.355,0.685,0.687,0.682,0.676,0.672,0.674,0.679,0.683,0.685,1.136,0.358,0.361,0.354,0.353,0.277,0.362,0.374,1.021
2.608,2.449,2.561,2.589,2.587,2.541,2.307,2.589,2.539,1.348,1.343,1.342,1.335,1.335,1.336,1.306,1.347,1.355,0.685,0.685,0.683,0.677,0.674,0.676,0.678,0.681,0.685,1.39,0.358,0.286,0.356,0.354,0.357,0.36,0.29,1.019
2.323,2.563,2.459,2.334,2.425,2.303,2.064,2.588,2.538,1.348,1.343,1.342,1.335,1.291,1.089,1.342,1.348,1.355,0.565,0.687,0.621,0.562,0.672,0.674,0.528,0.531,0.687,1.388,0.356,0.361,0.353,0.354,0.357,0.281,0.373,0.857
2.608,2.6,2.577,2.588,2.587,2.348,2.205,2.153,2.537,1.308,1.343,1.342,1.292,1.154,1.336,1.303,1.112,1.291,0.685,0.685,0.683,0.677,0.675,0.674,0.633,0.681,0.681,1.211,0.358,0.359,0.354,0.354,0.357,0.336,0.373,1.018
2.607,2.405,2.124,2.588,2.302,2.588,2.307,2.304,2.538,1.348,1.118,1.342,1.335,1.335,1.337,1.34,1.348,1.357,0.685,0.687,0.618,0.577,0.673,0.525,0.679,0.684,0.552,1.389,0.357,0.361,0.353,0.354,0.357,0.362,0.29,0.926
2.605,2.599,2.309,2.462,2.587,2.257,2.593,2.59,2.539,1.348,1.116,1.341,1.334,1.335,1.247,1.087,1.348,1.357,0.686,0.685,0.683,0.677,0.675,0.541,0.658,0.682,0.687,1.215,0.358,0.359,0.354,0.354,0.357,0.36,0.29,1.014
2.606,2.599,2.594,2.553,2.587,2.398,2.307,2.579,2.538,1.348,1.343,1.301,1.335,1.308,1.338,1.341,1.271,1.357,0.685,0.687,0.609,0.676,0.673,0.676,0.679,0.684,0.684,1.388,0.358,0.359,0.354,0.354,0.357,0.362,0.29,0.801
2.17,2.266,2.594,2.394,2.486,2.588,2.592,2.435,2.54,1.297,1.096,1.341,1.055,1.335,1.132,1.342,1.128,1.356,0.686,0.685,0.682,0.677,0.675,0.674,0.678,0.667,0.686,1.389,0.358,0.359,0.354,0.354,0.357,0.343,0.355,1.009
2.604,2.599,2.303,2.588,2.587,2.588,2.593,2.576,2.256,1.149,1.229,1.342,1.335,1.304,1.103,1.148,1.348,1.357,0.683,0.687,0.68,0.676,0.673,0.676,0.677,0.681,0.684,1.388,0.358,0.359,0.354,0.354,0.357,0.362,0.373,1.006
2.386,2.599,2.595,2.071,2.42,2.589,2.46,2.461,2.542,1.345,1.075,1.342,1.071,1.335,1.338,1.295,1.348,1.356,0.685,0.661,0.682,0.677,0.675,0.637,0.679,0.683,0.687,1.387,0.357,0.359,0.354,0.353,0.355,0.361,0.372,1.002
2.491,2.599,2.246,2.479,2.301,2.588,2.027,2.59,2.257,1.135,1.342,1.342,1.335,1.335,1.273,1.342,1.273,1.355,0.686,0.685,0.593,0.675,0.566,0.526,0.585,0.682,0.638,1.363,0.358,0.358,0.354,0.354,0.357,0.362,0.373,0.825
2.599,2.15,2.308,2.31,2.587,2.545,2.453,2.424,2.496,1.344,1.342,1.342,1.091,1.157,1.337,1.342,1.346,1.355,0.684,0.684,0.682,0.677,0.524,0.674,0.679,0.684,0.534,1.217,0.338,0.359,0.353,0.29,0.357,0.362,0.324,0.987
2.428,2.544,2.42,2.589,2.573,2.118,2.309,2.589,2.448,1.344,1.343,1.342,1.25,1.335,1.337,1.147,1.347,1.189,0.685,0.684,0.68,0.676,0.673,0.676,0.677,0.683,0.684,1.387,0.358,0.351,0.354,0.354,0.278,0.362,0.373,0.867
2.608,2.314,2.022,2.59,2.588,2.55,2.592,2.305,2.495,1.344,1.343,1.155,1.117,1.155,1.337,1.288,1.348,1.339,0.684,0.686,0.53,0.677,0.666,0.674,0.679,0.684,0.552,1.387,0.358,0.359,0.322,0.353,0.357,0.362,0.306,0.989
2.608,2.315,2.309,2.303,2.586,2.481,2.592,2.265,2.54,1.115,1.343,1.295,1.335,1.083,1.338,1.34,1.295,1.355,0.685,0.684,0.681,0.676,0.524,0.676,0.677,0.683,0.686,1.358,0.358,0.359,0.354,0.354,0.357,0.36,0.373,0.988
2.608,2.315,2.594,2.496,2.301,2.588,2.593,2.402,2.54,1.346,1.343,1.34,1.334,1.335,1.338,1.342,1.348,1.068,0.673,0.685,0.682,0.677,0.546,0.601,0.679,0.684,0.633,1.388,0.358,0.359,0.354,0.32,0.357,0.362,0.373,0.987
2.321,2.404,2.383,2.589,2.301,2.302,2.593,2.537,2.541,1.345,1.175,1.298,1.335,1.335,1.124,1.238,1.299,1.218,0.684,0.684,0.573,0.676,0.674,0.526,0.678,0.664,0.685,1.387,0.357,0.359,0.354,0.354,0.357,0.36,0.373,0.985
2.608,2.6,2.387,2.588,2.587,2.27,2.429,2.388,2.54,1.346,1.343,1.342,1.335,1.335,1.337,1.094,1.348,1.355,0.685,0.686,0.682,0.677,0.673,0.611,0.678,0.683,0.684,1.388,0.358,0.35,0.355,0.335,0.357,0.362,0.373,0.994
2.51,2.6,2.594,2.589,2.504,2.408,2.327,2.24,2.439,1.095,1.343,1.342,1.287,1.286,1.338,1.152,1.348,1.355,0.58,0.684,0.68,0.676,0.674,0.676,0.679,0.684,0.685,1.361,0.357,0.359,0.355,0.354,0.357,0.362,0.373,1.002
2.32,2.43,2.594,2.422,2.301,2.268,2.593,2.375,2.506,1.346,1.341,1.154,1.334,1.335,1.338,1.342,1.348,1.355,0.685,0.687,0.682,0.677,0.612,0.675,0.581,0.683,0.644,1.388,0.358,0.314,0.356,0.354,0.357,0.362,0.29,0.931
2.604,2.314,2.299,2.551,2.587,2.129,2.571,2.37,2.543,1.347,1.343,1.297,1.335,1.336,1.337,1.248,1.078,1.266,0.683,0.685,0.681,0.673,0.524,0.676,0.528,0.684,0.685,1.388,0.358,0.359,0.354,0.354,0.277,0.362,0.372,0.818
2.605,2.599,2.141,2.589,2.587,2.587,2.428,2.302,2.542,1.347,1.336,1.342,1.162,1.131,1.337,1.341,1.178,1.355,0.685,0.687,0.682,0.676,0.612,0.57,0.618,0.597,0.536,1.388,0.358,0.279,0.355,0.354,0.357,0.36,0.372,1.012
2.606,2.181,2.593,2.371,2.586,2.588,2.593,2.59,2.542,1.347,1.343,1.342,1.335,1.106,1.138,1.342,1.348,1.3,0.684,0.624,0.68,0.677,0.674,0.676,0.679,0.684,0.684,1.388,0.358,0.359,0.354,0.354,0.357,0.362,0.371,1.013
2.608,2.599,2.396,2.59,2.309,2.289,2.593,2.589,2.542,1.348,1.341,1.342,1.335,1.336,1.338,1.097,1.348,1.355,0.685,0.687,0.68,0.553,0.641,0.674,0.677,0.631,0.685,1.319,0.358,0.359,0.354,0.354,0.356,0.362,0.372,1.017
2.608,2.6,2.373,2.184,2.16,2.588,2.306,2.473,2.385,1.066,1.343,1.342,1.335,1.335,1.337,1.342,1.064,1.332,0.684,0.645,0.536,0.677,0.674,0.676,0.679,0.684,0.684,1.388,0.358,0.329,0.354,0.353,0.357,0.362,0.371,1.015
2.382,2.512,2.596,2.589,2.586,2.579,2.593,2.57,2.248,1.194,1.343,1.342,1.175,1.106,1.337,1.341,1.219,1.356,0.685,0.687,0.68,0.676,0.673,0.674,0.679,0.57,0.685,1.388,0.311,0.359,0.354,0.275,0.355,0.363,0.372,0.976
2.493,2.056,2.483,2.588,2.587,2.304,2.593,2.445,2.542,1.061,1.343,1.341,1.335,1.336,1.338,1.341,1.348,1.07,0.546,0.685,0.539,0.677,0.673,0.676,0.677,0.683,0.684,1.388,0.359,0.359,0.354,0.353,0.357,0.31,0.372,1.007
2.321,2.602,2.595,2.558,2.587,2.564,2.42,2.59,2.543,1.19,1.321,1.122,1.182,1.336,1.337,1.341,1.347,1.357,0.666,0.539,0.68,0.676,0.674,0.674,0.679,0.681,0.685,1.387,0.358,0.359,0.354,0.354,0.357,0.363,0.372,1.004
2.608,2.602,2.448,2.588,2.587,2.589,2.593,2.59,2.542,1.347,1.343,1.34,1.329,1.335,1.337,1.17,1.108,1.076,0.685,0.687,0.68,0.677,0.574,0.676,0.59,0.683,0.684,1.388,0.278,0.359,0.354,0.353,0.357,0.363,0.372,0.997
2.323,2.601,2.594,2.588,2.586,2.556,2.592,2.59,2.543,1.347,1.309,1.117,1.335,1.095,1.254,1.342,1.347,1.357,0.583,0.685,0.682,0.676,0.674,0.674,0.679,0.683,0.685,1.388,0.359,0.358,0.353,0.355,0.278,0.282,0.372,1.0
2.608,2.602,2.595,2.303,2.587,2.589,2.592,2.507,2.257,1.347,1.343,1.34,1.335,1.335,1.107,1.342,1.348,1.355,0.685,0.686,0.681,0.677,0.673,0.676,0.677,0.55,0.665,1.388,0.285,0.359,0.354,0.325,0.277,0.363,0.372,1.0
2.608,2.037,2.594,2.588,2.587,2.588,2.593,2.228,2.54,1.145,1.295,1.109,1.335,1.335,1.244,1.342,1.348,1.234,0.684,0.685,0.683,0.676,0.674,0.674,0.679,0.531,0.534,1.168,0.359,0.358,0.353,0.354,0.357,0.361,0.37,0.968
2.606,2.149,2.594,2.067,2.587,2.588,2.593,2.59,2.429,1.347,1.149,1.245,1.059,1.335,1.336,1.342,1.163,1.097,0.685,0.686,0.656,0.677,0.673,0.674,0.677,0.634,0.686,1.389,0.357,0.279,0.354,0.353,0.357,0.363,0.372,0.998
2.572,2.601,2.407,2.588,2.3,2.588,2.593,2.304,2.506,1.347,1.1,1.289,1.335,1.336,1.236,1.239,1.348,1.243,0.684,0.685,0.683,0.676,0.674,0.676,0.677,0.683,0.684,1.388,0.358,0.359,0.354,0.355,0.343,0.362,0.347,1.0
2.451,2.6,2.043,2.589,2.587,2.368,2.593,2.052,2.539,1.347,1.343,1.235,1.335,1.335,1.337,1.34,1.348,1.104,0.685,0.687,0.682,0.677,0.673,0.675,0.679,0.602,0.686,1.388,0.355,0.358,0.356,0.353,0.357,0.362,0.289,0.894
2.604,2.6,2.595,2.589,2.194,2.588,2.082,2.59,2.539,1.122,1.343,1.342,1.335,1.336,1.337,1.238,1.347,1.355,0.674,0.685,0.683,0.675,0.673,0.676,0.678,0.683,0.572,1.388,0.358,0.359,0.355,0.354,0.356,0.363,0.372,0.784
2.605,2.6,2.595,2.304,2.554,2.302,2.308,2.59,2.539,1.266,1.344,1.341,1.304,1.335,1.337,1.286,1.347,1.355,0.547,0.685,0.568,0.527,0.674,0.667,0.679,0.682,0.685,1.387,0.358,0.308,0.335,0.353,0.357,0.361,0.372,0.833
2.604,2.149,2.595,2.589,2.301,2.198,2.593,2.59,2.201,1.346,1.343,1.282,1.335,1.301,1.224,1.34,1.348,1.355,0.533,0.687,0.531,0.676,0.673,0.675,0.57,0.683,0.684,1.388,0.357,0.359,0.276,0.355,0.355,0.363,0.372,1.004
2.605,2.6,2.593,2.571,2.585,2.304,2.489,2.592,2.541,1.346,1.343,1.246,1.335,1.213,1.336,1.34,1.347,1.355,0.642,0.685,0.682,0.677,0.674,0.671,0.679,0.681,0.686,1.388,0.358,0.359,0.354,0.275,0.278,0.36,0.371,0.783
2.098,2.314,2.308,2.305,2.459,2.588,2.592,2.444,2.188,1.346,1.343,1.341,1.228,1.335,1.336,1.34,1.304,1.14,0.685,0.686,0.683,0.676,0.673,0.669,0.677,0.683,0.684,1.388,0.323,0.359,0.355,0.355,0.355,0.363,0.373,1.008
2.478,2.494,2.308,2.589,2.3,2.308,2.192,2.286,2.541,1.346,1.112,1.253,1.335,1.207,1.336,1.34,1.348,1.276,0.684,0.685,0.682,0.547,0.674,0.676,0.679,0.681,0.685,1.151,0.358,0.359,0.354,0.354,0.357,0.363,0.372,1.009
2.323,2.6,2.338,2.59,2.437,2.44,2.331,2.47,2.541,1.347,1.343,1.338,1.233,1.061,1.337,1.221,1.348,1.285,0.685,0.687,0.683,0.677,0.673,0.539,0.603,0.681,0.684,1.302,0.358,0.358,0.355,0.354,0.357,0.363,0.372,1.008
2.093,2.6,2.593,2.511,2.585,2.589,2.187,2.305,2.539,1.347,1.343,1.2,1.087,1.204,1.338,1.077,1.348,1.355,0.684,0.685,0.682,0.567,0.674,0.676,0.679,0.683,0.685,1.17,0.358,0.359,0.355,0.354,0.358,0.363,0.372,0.84
2.472,2.602,2.595,2.356,2.585,2.588,2.306,2.486,2.54,1.087,1.343,1.341,1.335,1.336,1.338,1.342,1.348,1.357,0.685,0.687,0.683,0.677,0.524,0.675,0.678,0.682,0.684,1.321,0.358,0.359,0.354,0.354,0.358,0.361,0.372,1.012
2.566,2.6,2.308,2.302,2.296,2.589,2.419,2.353,2.538,1.224,1.343,1.213,1.335,1.336,1.338,1.342,1.348,1.356,0.677,0.685,0.68,0.676,0.673,0.676,0.679,0.683,0.685,1.187,0.305,0.359,0.355,0.354,0.358,0.362,0.372,0.9
2.609,2.6,2.284,2.049,2.437,2.304,2.593,2.382,2.131,1.347,1.342,1.342,1.144,1.326,1.336,1.213,1.321,1.32,0.684,0.685,0.682,0.677,0.674,0.642,0.678,0.681,0.684,1.388,0.358,0.359,0.355,0.354,0.358,0.362,0.371,1.01
2.608,2.315,2.594,2.589,2.587,2.543,2.593,2.588,2.538,1.347,1.343,1.341,1.335,1.335,1.336,1.342,1.225,1.356,0.685,0.687,0.681,0.676,0.673,0.676,0.528,0.683,0.542,1.388,0.358,0.358,0.355,0.354,0.357,0.362,0.372,1.012
2.566,2.6,2.594,2.303,2.151,2.109,2.592,2.588,2.537,1.347,1.269,1.342,1.336,1.051,1.336,1.207,1.348,1.355,0.684,0.685,0.682,0.677,0.674,0.675,0.561,0.682,0.685,1.365,0.358,0.359,0.355,0.353,0.358,0.362,0.334,1.012
2.606,2.562,2.593,2.302,2.576,2.303,2.593,2.588,2.538,1.199,1.127,1.34,1.335,1.335,1.08,1.059,1.347,1.357,0.685,0.686,0.68,0.676,0.673,0.676,0.679,0.683,0.66,1.238,0.358,0.356,0.354,0.354,0.315,0.282,0.372,1.014
2.439,2.314,2.594,2.589,2.147,2.589,2.593,2.588,2.538,1.345,1.343,1.311,1.336,1.335,1.336,1.34,1.347,1.336,0.684,0.685,0.683,0.677,0.524,0.654,0.658,0.573,0.685,1.388,0.358,0.361,0.355,0.353,0.358,0.362,0.354,1.012
2.604,2.219,2.594,2.589,2.587,2.589,2.593,2.414,2.539,1.347,1.342,1.34,1.335,1.335,1.337,1.339,1.348,1.355,0.533,0.687,0.681,0.626,0.673,0.676,0.679,0.683,0.576,1.388,0.358,0.36,0.355,0.354,0.344,0.36,0.372,0.801
2.093,2.6,2.468,2.589,2.587,2.515,2.275,2.315,2.54,1.347,1.277,1.34,1.174,1.333,1.337,1.191,1.348,1.356,0.666,0.685,0.683,0.677,0.673,0.65,0.678,0.682,0.686,1.142,0.356,0.359,0.355,0.353,0.358,0.362,0.372,1.014
2.438,2.601,2.307,2.589,2.586,2.589,2.308,2.59,2.235,1.347,1.343,1.34,1.335,1.335,1.066,1.055,1.347,1.216,0.684,0.687,0.593,0.676,0.674,0.676,0.528,0.683,0.684,1.387,0.358,0.36,0.276,0.354,0.358,0.362,0.372,1.017
2.283,2.601,2.594,2.589,2.397,2.589,2.593,2.287,2.093,1.347,1.343,1.34,1.193,1.334,1.206,1.341,1.348,1.355,0.685,0.629,0.683,0.677,0.673,0.675,0.678,0.682,0.686,1.388,0.358,0.337,0.354,0.354,0.358,0.362,0.372,1.021
2.378,2.316,2.568,2.303,2.587,2.589,2.593,2.304,2.541,1.347,1.343,1.34,1.335,1.335,1.064,1.34,1.348,1.183,0.684,0.534,0.681,0.676,0.674,0.676,0.678,0.54,0.608,1.388,0.358,0.361,0.355,0.354,0.358,0.362,0.301,1.019
2.602,2.317,2.405,2.59,2.089,2.302,2.592,2.548,2.543,1.348,1.343,1.069,1.172,1.334,1.337,1.342,1.348,1.323,0.685,0.642,0.683,0.678,0.599,0.674,0.678,0.683,0.685,1.387,0.358,0.361,0.355,0.354,0.358,0.362,0.372,0.972
2.347,2.32,2.365,2.59,2.586,2.587,2.307,2.305,2.517,1.175,1.343,1.208,1.311,1.335,1.336,1.34,1.348,1.355,0.611,0.685,0.682,0.676,0.674,0.676,0.532,0.566,0.684,1.387,0.356,0.361,0.355,0.354,0.358,0.362,0.371,0.905
2.602,2.601,2.593,2.498,2.586,2.337,2.258,2.516,2.374,1.348,1.342,1.34,1.336,1.048,1.338,1.341,1.176,1.355,0.685,0.655,0.683,0.677,0.673,0.639,0.679,0.683,0.685,1.387,0.358,0.361,0.355,0.354,0.357,0.36,0.372,0.98
2.602,2.601,2.594,2.589,2.587,2.588,2.592,2.306,2.544,1.348,1.343,1.206,1.298,1.335,1.338,1.341,1.323,1.355,0.683,0.686,0.66,0.676,0.674,0.676,0.677,0.681,0.684,1.084,0.356,0.359,0.354,0.354,0.357,0.362,0.363,0.98
2.604,2.6,2.309,2.589,2.587,2.588,2.25,2.591,2.543,1.078,1.343,1.066,1.225,1.327,1.205,1.162,1.347,1.355,0.684,0.687,0.682,0.677,0.531,0.674,0.679,0.683,0.685,1.249,0.278,0.361,0.355,0.354,0.357,0.348,0.372,0.979
2.603,2.179,2.594,2.589,2.587,2.588,2.307,2.591,2.258,1.348,1.343,1.211,1.335,1.335,1.337,1.34,1.347,1.355,0.686,0.685,0.683,0.661,0.673,0.676,0.678,0.681,0.684,1.124,0.358,0.358,0.354,0.354,0.357,0.362,0.289,0.833
2.32,2.599,2.594,2.429,2.587,2.302,2.249,2.451,2.083,1.307,1.343,1.342,1.335,1.328,1.338,1.341,1.348,1.135,0.685,0.534,0.553,0.677,0.674,0.55,0.679,0.683,0.685,1.389,0.358,0.359,0.355,0.354,0.277,0.362,0.372,0.979
2.605,2.599,2.593,2.588,2.587,2.589,2.594,2.591,2.228,1.348,1.343,1.342,1.335,1.335,1.045,1.281,1.346,1.132,0.687,0.685,0.683,0.676,0.572,0.676,0.559,0.682,0.684,1.388,0.358,0.359,0.355,0.353,0.357,0.362,0.372,0.903
2.396,2.504,2.593,2.393,2.587,2.579,2.593,2.591,2.544,1.347,1.343,1.076,1.335,1.051,1.336,1.341,1.207,1.143,0.613,0.687,0.682,0.676,0.674,0.674,0.679,0.53,0.684,1.153,0.356,0.359,0.355,0.355,0.357,0.362,0.292,0.792
2.608,2.329,2.594,2.588,2.12,2.464,2.308,2.265,2.521,1.148,1.343,1.228,1.335,1.335,1.046,1.341,1.348,1.298,0.686,0.685,0.683,0.677,0.609,0.674,0.571,0.681,0.685,1.388,0.358,0.359,0.355,0.353,0.357,0.36,0.373,0.978
2.301,2.6,2.536,2.303,2.543,2.588,2.525,2.305,2.542,1.103,1.343,1.091,1.335,1.048,1.336,1.341,1.226,1.243,0.685,0.687,0.681,0.676,0.674,0.676,0.679,0.544,0.684,1.388,0.356,0.358,0.303,0.355,0.286,0.281,0.372,1.009
2.394,2.6,2.309,2.589,2.301,2.588,2.594,2.536,2.538,1.347,1.211,1.341,1.336,1.186,1.329,1.143,1.347,1.324,0.686,0.618,0.683,0.677,0.673,0.538,0.579,0.683,0.685,1.388,0.358,0.359,0.355,0.281,0.357,0.355,0.373,1.011
2.432,2.601,2.385,2.303,2.587,2.588,2.308,2.59,2.542,1.346,1.343,1.341,1.134,1.334,1.337,1.089,1.347,1.188,0.686,0.687,0.681,0.676,0.674,0.676,0.679,0.682,0.594,1.385,0.358,0.279,0.354,0.354,0.309,0.362,0.337,1.009
2.607,2.315,2.594,2.589,2.301,2.588,2.594,2.589,2.544,1.347,1.343,1.261,1.274,1.18,1.336,1.156,1.348,1.357,0.684,0.64,0.683,0.677,0.666,0.551,0.678,0.683,0.685,1.387,0.358,0.359,0.355,0.353,0.357,0.362,0.373,1.009
2.105,2.315,2.188,2.295,2.588,2.302,2.593,2.303,2.258,1.346,1.058,1.342,1.13,1.321,1.189,1.08,1.263,1.205,0.685,0.687,0.68,0.676,0.673,0.676,0.679,0.682,0.684,1.114,0.358,0.359,0.355,0.354,0.355,0.362,0.363,0.795
2.492,2.316,2.593,2.303,2.587,2.302,2.593,2.589,2.275,1.345,1.343,1.341,1.336,1.336,1.337,1.217,1.348,1.356,0.684,0.685,0.682,0.677,0.674,0.674,0.678,0.683,0.685,1.387,0.306,0.358,0.354,0.353,0.357,0.362,0.373,1.005
2.605,2.265,2.594,2.555,2.482,2.303,2.506,2.589,2.543,1.345,1.341,1.341,1.335,1.335,1.177,1.34,1.347,1.23,0.685,0.534,0.68,0.676,0.673,0.676,0.679,0.681,0.599,1.139,0.358,0.359,0.355,0.354,0.33,0.32,0.29,1.006
2.507,2.53,2.594,2.304,2.587,2.59,2.083,2.303,2.543,1.346,1.343,1.287,1.335,1.169,1.312,1.34,1.348,1.098,0.656,0.685,0.682,0.677,0.674,0.674,0.597,0.683,0.685,1.387,0.356,0.305,0.354,0.303,0.357,0.362,0.375,0.934
2.512,2.207,2.593,2.363,2.586,2.304,2.227,2.589,2.259,1.345,1.343,1.342,1.258,1.335,1.336,1.34,1.347,1.357,0.684,0.665,0.565,0.676,0.613,0.676,0.679,0.682,0.643,1.388,0.358,0.359,0.355,0.355,0.355,0.361,0.373,1.003
2.321,2.04,2.36,2.589,2.586,2.325,2.594,2.589,2.543,1.153,1.214,1.341,1.335,1.176,1.336,1.34,1.348,1.122,0.685,0.687,0.682,0.677,0.524,0.579,0.678,0.683,0.685,1.388,0.358,0.28,0.355,0.353,0.357,0.281,0.292,0.98
2.416,2.601,2.594,2.497,2.436,2.459,2.594,2.59,2.544,1.292,1.309,1.341,1.335,1.318,1.159,1.332,1.348,1.276,0.683,0.685,0.681,0.676,0.673,0.676,0.679,0.681,0.672,1.388,0.358,0.359,0.354,0.275,0.356,0.362,0.373,0.86
2.407,2.554,2.593,2.051,2.282,2.589,2.078,2.59,2.296,1.344,1.343,1.327,1.335,1.335,1.297,1.34,1.348,1.356,0.685,0.687,0.681,0.677,0.675,0.675,0.677,0.683,0.544,1.388,0.358,0.359,0.355,0.353,0.358,0.362,0.372,1.0
2.327,2.599,2.593,2.591,2.414,2.44,2.593,2.304,2.438,1.299,1.342,1.341,1.335,1.311,1.336,1.34,1.061,1.357,0.635,0.685,0.682,0.676,0.673,0.676,0.679,0.681,0.685,1.237,0.358,0.359,0.333,0.354,0.331,0.362,0.373,0.886
2.424,2.51,2.593,2.293,2.302,2.589,2.532,2.161,2.544,1.344,1.148,1.058,1.27,1.336,1.336,1.166,1.21,1.356,0.685,0.687,0.67,0.677,0.675,0.622,0.678,0.681,0.569,1.387,0.358,0.279,0.355,0.353,0.358,0.361,0.298,0.96
2.52,2.316,2.594,2.415,2.302,2.135,2.591,2.305,2.257,1.346,1.292,1.341,1.133,1.335,1.147,1.34,1.347,1.306,0.686,0.614,0.683,0.676,0.673,0.676,0.679,0.684,0.687,1.388,0.29,0.358,0.276,0.354,0.33,0.362,0.373,0.96
2.044,2.315,2.593,2.538,2.586,2.557,2.593,2.59,2.541,1.345,1.343,1.341,1.335,1.335,1.281,1.34,1.348,1.237,0.685,0.687,0.547,0.677,0.674,0.646,0.677,0.577,0.684,1.388,0.358,0.359,0.355,0.353,0.358,0.335,0.373,0.96
2.605,2.601,2.581,2.374,2.357,2.116,2.209,2.278,2.433,1.347,1.094,1.341,1.141,1.303,1.337,1.341,1.348,1.355,0.687,0.64,0.683,0.676,0.652,0.676,0.679,0.684,0.534,1.388,0.312,0.358,0.276,0.354,0.34,0.362,0.374,0.961
2.518,2.316,2.594,2.589,2.587,2.251,2.35,2.591,2.008,1.346,1.236,1.093,1.335,1.336,1.277,1.341,1.259,1.183,0.685,0.687,0.682,0.678,0.674,0.676,0.677,0.682,0.685,1.15,0.358,0.36,0.354,0.353,0.358,0.362,0.373,0.962
2.042,2.601,2.594,2.59,2.325,2.099,2.594,2.591,2.255,1.277,1.092,1.341,1.141,1.336,1.338,1.341,1.348,1.076,0.686,0.685,0.683,0.651,0.673,0.547,0.679,0.684,0.687,1.313,0.357,0.357,0.355,0.354,0.348,0.362,0.368,0.766
2.606,2.602,2.524,2.304,2.586,2.302,2.595,2.303,2.507,1.132,1.233,1.341,1.286,1.335,1.338,1.34,1.347,1.356,0.636,0.686,0.649,0.678,0.541,0.676,0.678,0.648,0.684,1.388,0.278,0.359,0.355,0.354,0.358,0.362,0.29,0.962
2.606,2.464,2.204,2.294,2.586,2.588,2.471,2.589,2.146,1.347,1.083,1.341,1.335,1.084,1.139,1.34,1.347,1.355,0.687,0.687,0.531,0.678,0.674,0.674,0.672,0.684,0.687,1.388,0.358,0.279,0.355,0.354,0.347,0.36,0.372,0.975
2.604,2.6,2.594,2.131,2.41,2.588,2.592,2.589,2.541,1.127,1.343,1.341,1.335,1.335,1.338,1.284,1.118,1.355,0.685,0.685,0.682,0.656,0.673,0.676,0.679,0.684,0.684,1.39,0.358,0.359,0.355,0.355,0.358,0.362,0.373,0.999
2.608,2.314,2.436,2.59,2.539,2.516,2.178,2.493,2.255,1.346,1.308,1.341,1.335,1.335,1.338,1.34,1.347,1.356,0.685,0.686,0.683,0.678,0.674,0.674,0.678,0.682,0.687,1.387,0.358,0.359,0.354,0.355,0.357,0.335,0.354,0.868
2.606,2.599,2.309,2.589,2.095,2.589,2.593,2.34,2.295,1.27,1.165,1.341,1.335,1.335,1.337,1.342,1.348,1.357,0.686,0.595,0.682,0.677,0.673,0.676,0.679,0.684,0.684,1.388,0.357,0.358,0.356,0.276,0.358,0.362,0.373,1.003
2.607,2.366,2.593,2.589,2.3,2.358,2.593,2.589,2.541,1.27,1.079,1.341,1.149,1.335,1.223,1.342,1.348,1.357,0.685,0.687,0.683,0.679,0.675,0.674,0.552,0.683,0.543,1.388,0.358,0.359,0.355,0.354,0.357,0.362,0.373,1.003
2.606,2.599,2.308,2.59,2.524,2.215,2.581,2.589,2.541,1.347,1.343,1.341,1.335,1.336,1.338,1.342,1.348,1.357,0.686,0.685,0.576,0.598,0.585,0.676,0.679,0.684,0.686,1.388,0.32,0.295,0.355,0.354,0.358,0.362,0.373,1.005
2.608,2.6,2.534,2.477,2.302,2.529,2.307,2.59,2.255,1.345,1.307,1.34,1.054,1.282,1.338,1.342,1.222,1.131,0.685,0.686,0.683,0.678,0.674,0.674,0.564,0.682,0.559,1.153,0.358,0.359,0.355,0.354,0.341,0.362,0.29,1.006
2.321,2.436,2.593,2.569,2.586,2.494,2.593,2.587,2.54,1.345,1.342,1.2,1.335,1.335,1.282,1.342,1.348,1.29,0.685,0.685,0.682,0.625,0.564,0.676,0.679,0.684,0.685,1.309,0.358,0.328,0.354,0.355,0.358,0.361,0.373,0.904
2.608,2.553,2.596,2.59,2.587,2.588,2.124,2.589,2.541,1.276,1.082,1.315,1.07,1.094,1.337,1.21,1.348,1.165,0.684,0.685,0.683,0.678,0.675,0.674,0.678,0.647,0.685,1.387,0.358,0.359,0.355,0.354,0.357,0.362,0.373,1.005
2.322,2.097,2.172,2.589,2.314,2.589,2.592,2.571,2.542,1.346,1.343,1.162,1.155,1.335,1.336,1.341,1.346,1.356,0.533,0.687,0.591,0.677,0.653,0.674,0.679,0.684,0.685,1.342,0.358,0.358,0.354,0.354,0.358,0.36,0.372,1.007
2.379,2.599,2.595,2.472,2.587,2.588,2.4,2.304,2.54,1.347,1.343,1.341,1.335,1.335,1.337,1.179,1.347,1.358,0.685,0.556,0.683,0.678,0.675,0.676,0.677,0.683,0.6,1.214,0.284,0.359,0.355,0.355,0.358,0.362,0.373,0.852
2.189,2.041,2.594,2.304,2.569,2.486,2.593,2.56,2.542,1.262,1.214,1.244,1.335,1.336,1.337,1.341,1.348,1.066,0.684,0.687,0.6,0.677,0.53,0.674,0.679,0.683,0.533,1.087,0.358,0.357,0.354,0.354,0.358,0.349,0.336,1.008
2.281,2.6,2.269,2.382,2.587,2.588,2.099,2.59,2.256,1.282,1.343,1.341,1.335,1.335,1.251,1.342,1.18,1.222,0.685,0.685,0.683,0.527,0.673,0.526,0.61,0.684,0.591,1.387,0.356,0.359,0.354,0.353,0.358,0.362,0.374,1.007
2.607,2.564,2.31,2.59,2.587,2.4,2.521,2.547,2.262,1.151,1.214,1.34,1.335,1.117,1.259,1.057,1.348,1.325,0.611,0.687,0.614,0.678,0.675,0.674,0.68,0.683,0.685,1.13,0.358,0.359,0.355,0.354,0.358,0.362,0.372,1.007
2.607,2.402,2.514,2.536,2.489,2.345,2.367,2.397,2.541,1.347,1.343,1.132,1.335,1.335,1.113,1.196,1.231,1.245,0.685,0.685,0.683,0.677,0.673,0.526,0.627,0.532,0.66,1.387,0.358,0.359,0.324,0.353,0.358,0.362,0.374,0.809
2.606,2.527,2.353,2.196,2.587,2.303,2.593,2.305,2.539,1.346,1.343,1.291,1.335,1.335,1.338,1.054,1.347,1.356,0.683,0.687,0.682,0.678,0.675,0.61,0.68,0.681,0.685,1.161,0.358,0.359,0.355,0.354,0.356,0.362,0.374,1.001
2.607,2.601,2.593,2.043,2.301,2.347,2.593,2.506,2.54,1.348,1.343,1.341,1.335,1.261,1.338,1.341,1.348,1.15,0.685,0.685,0.683,0.677,0.672,0.676,0.679,0.683,0.535,1.144,0.358,0.359,0.355,0.353,0.278,0.362,0.373,0.999
2.606,2.601,2.593,2.589,2.587,2.485,2.592,2.59,2.253,1.169,1.343,1.341,1.335,1.247,1.238,1.342,1.348,1.356,0.685,0.687,0.682,0.678,0.524,0.675,0.68,0.681,0.684,1.388,0.356,0.359,0.355,0.354,0.355,0.362,0.374,0.994
2.606,2.028,2.594,2.021,2.302,2.588,2.04,2.591,2.376,1.348,1.056,1.341,1.335,1.335,1.338,1.342,1.347,1.356,0.57,0.685,0.683,0.677,0.672,0.676,0.667,0.683,0.685,1.386,0.358,0.291,0.355,0.316,0.357,0.361,0.373,0.989
2.485,2.601,2.308,2.59,2.587,2.482,2.467,2.219,2.252,1.176,1.195,1.341,1.094,1.335,1.337,1.34,1.118,1.15,0.685,0.687,0.682,0.678,0.523,0.656,0.673,0.597,0.683,1.243,0.356,0.359,0.335,0.354,0.355,0.362,0.373,0.971
2.32,2.6,2.309,2.59,2.586,2.336,2.592,2.304,2.536,1.349,1.326,1.184,1.334,1.294,1.338,1.19,1.348,1.107,0.684,0.635,0.683,0.626,0.673,0.526,0.68,0.684,0.685,1.347,0.358,0.358,0.355,0.339,0.278,0.361,0.372,0.982
