0.25m_40deg,0.25m_30deg,0.25m_20deg,0.25m_10deg,0.25m_0deg,0.25m_-10deg,0.25m_-20deg,0.25m_-30deg,0.25m_-40deg,0.5m_-40deg,0.5m_-30deg,0.5m_-20deg,0.5m_-10deg,0.5m_0deg,0.5m_10deg,0.5m_20deg,0.5m_30deg,0.5m_40deg,1m_40deg,1m_30deg,1m_20deg,1m_10deg,1m_0deg,1m_-10deg,1m_-20deg,1m_-30deg,1m_-40deg,2m_-40deg,2m_-30deg,2m_-20deg,2m_-10deg,2m_0deg,2m_10deg,2m_20deg,2m_30deg,2m_40deg
0.877,0.968,0.295,0.298,0.299,0.299,0.298,0.297,1.303,2.307,0.592,0.594,0.59,0.589,0.59,0.594,0.596,3.034,2.969,1.263,1.252,1.01,1.247,1.248,1.255,1.26,2.302,2.48,2.222,2.45,2.497,2.496,2.499,2.496,2.973,2.918
0.877,0.968,0.296,0.299,0.299,0.233,0.298,0.297,1.302,1.969,0.594,0.592,0.592,0.59,0.589,0.593,0.559,3.29,2.83,1.226,1.253,1.248,1.247,1.248,1.255,1.26,2.483,2.483,2.372,2.302,2.497,2.41,2.477,2.498,3.301,3.072
0.774,0.965,0.296,0.299,0.298,0.299,0.298,0.297,1.302,2.308,0.566,0.594,0.59,0.589,0.59,0.594,0.596,3.075,3.293,1.263,1.252,1.039,1.247,1.248,0.983,1.26,2.483,2.483,2.2,2.504,2.48,2.44,2.498,2.498,2.973,3.221
0.76,0.964,0.297,0.299,0.298,0.233,0.298,0.297,1.304,2.484,0.594,0.593,0.592,0.59,0.59,0.553,0.59,3.004,3.296,1.118,1.253,1.19,1.247,1.248,1.255,1.261,2.217,2.482,2.2,2.308,2.498,2.211,2.499,2.064,3.048,3.3
0.955,2.743,0.296,0.299,0.298,0.299,0.232,0.295,1.303,2.483,0.594,0.594,0.59,0.589,0.488,0.594,0.462,3.006,3.008,1.263,1.13,1.068,1.247,1.248,1.255,1.26,2.377,2.416,2.485,2.28,2.497,2.323,2.447,2.221,3.249,3.237
0.956,3.134,0.295,0.299,0.297,0.299,0.298,0.297,1.167,1.971,0.593,0.592,0.591,0.59,0.59,0.593,0.595,2.719,3.293,1.263,0.998,1.231,1.247,1.112,1.049,1.262,2.483,2.481,2.485,2.505,2.498,2.498,2.323,2.214,3.302,3.301
0.955,3.297,0.297,0.299,0.298,0.253,0.298,0.296,1.049,2.198,0.594,0.594,0.484,0.589,0.589,0.594,0.56,2.19,3.294,1.262,1.076,1.248,1.247,1.248,1.255,1.12,2.412,2.481,2.201,2.504,2.498,2.497,2.213,2.253,2.729,2.729
0.951,3.227,0.295,0.299,0.254,0.299,0.298,0.297,1.305,1.981,0.592,0.558,0.46,0.59,0.459,0.594,0.595,3.293,3.132,1.263,1.252,1.249,1.078,1.075,1.256,1.261,2.484,2.201,2.485,2.035,2.115,2.49,2.214,2.5,2.831,3.301
0.949,3.295,0.297,0.299,0.298,0.295,0.238,0.253,1.306,2.128,0.593,0.594,0.59,0.588,0.589,0.593,0.594,3.172,2.761,1.262,1.253,1.249,1.232,1.248,1.068,1.262,2.483,2.362,2.198,2.218,2.501,2.498,2.498,2.293,3.259,2.729
0.732,2.985,0.296,0.298,0.298,0.299,0.298,0.297,1.305,2.198,0.591,0.593,0.592,0.59,0.59,0.462,0.595,3.293,3.202,1.262,1.252,1.248,1.099,1.249,1.255,1.261,2.303,2.481,2.484,2.219,2.503,2.498,2.396,2.217,3.048,3.301
0.784,2.722,0.296,0.299,0.298,0.299,0.297,0.297,1.305,2.484,0.593,0.594,0.59,0.589,0.59,0.592,0.556,3.29,3.007,1.045,1.253,1.151,1.249,1.248,1.11,1.201,2.484,2.285,2.294,2.22,2.294,2.416,2.497,2.329,3.246,3.014
0.928,2.747,0.296,0.298,0.232,0.3,0.298,0.298,1.291,2.483,0.552,0.589,0.59,0.59,0.589,0.594,0.595,3.292,2.955,1.264,1.252,1.248,1.247,1.017,0.987,1.261,2.375,2.482,2.485,2.503,2.446,2.496,2.212,2.501,3.053,3.301
0.926,2.908,0.273,0.299,0.296,0.301,0.297,0.296,1.169,2.16,0.593,0.594,0.589,0.59,0.59,0.554,0.594,2.721,3.119,1.264,1.252,1.249,1.247,1.247,1.255,1.261,2.485,2.483,2.303,2.505,2.314,2.496,2.498,2.082,3.299,3.299
0.924,3.293,0.296,0.299,0.298,0.278,0.298,0.298,1.303,2.383,0.574,0.594,0.59,0.59,0.498,0.594,0.594,3.291,3.279,1.263,1.253,1.248,1.134,1.248,1.208,1.262,2.365,2.483,2.452,2.219,2.506,2.325,2.498,2.48,3.055,3.301
0.926,0.863,0.296,0.299,0.255,0.301,0.296,0.298,1.304,2.476,0.593,0.571,0.508,0.59,0.59,0.594,0.595,3.004,2.722,1.263,1.252,1.212,1.247,1.248,1.255,1.263,2.482,2.485,2.032,2.22,2.507,2.496,2.359,2.215,3.014,2.943
0.856,0.983,0.297,0.299,0.298,0.301,0.298,0.298,1.303,2.482,0.593,0.594,0.59,0.589,0.589,0.593,0.594,3.288,3.293,1.263,1.252,1.248,1.149,0.988,1.056,1.261,2.404,2.382,2.467,2.221,2.505,2.356,1.956,2.499,3.301,3.302
0.932,0.982,0.297,0.299,0.298,0.299,0.232,0.298,1.303,1.94,0.591,0.593,0.531,0.59,0.59,0.594,0.595,3.289,3.007,1.148,0.998,1.243,1.248,1.248,1.211,1.261,2.482,2.482,2.201,2.23,2.505,2.5,2.498,2.501,2.936,3.216
0.941,0.982,0.295,0.299,0.298,0.301,0.298,0.298,1.131,2.369,0.593,0.594,0.591,0.589,0.557,0.592,0.594,3.287,3.292,1.263,1.158,1.115,1.247,1.248,1.255,1.261,2.168,2.482,2.486,2.221,2.505,2.212,2.289,2.324,3.302,2.789
0.976,3.006,0.296,0.299,0.298,0.299,0.298,0.298,1.303,2.237,0.491,0.593,0.59,0.59,0.59,0.594,0.595,3.058,3.216,1.263,1.253,1.249,1.026,1.248,1.255,1.261,2.334,2.482,2.485,2.24,2.359,2.256,2.454,2.5,3.212,3.214
0.982,2.884,0.296,0.299,0.296,0.299,0.298,0.298,1.304,2.484,0.592,0.594,0.592,0.589,0.589,0.53,0.567,2.719,3.294,1.244,1.251,1.248,1.247,1.249,1.255,1.22,2.485,2.197,2.204,2.222,2.225,2.421,2.498,2.498,3.062,3.015
0.988,3.298,0.297,0.248,0.298,0.298,0.298,0.298,1.305,2.482,0.592,0.592,0.556,0.59,0.59,0.594,0.595,3.293,2.971,1.263,1.253,1.035,1.247,1.248,1.255,1.262,2.484,2.342,2.355,2.495,2.375,2.497,2.485,2.489,2.912,3.22
0.988,2.909,0.297,0.299,0.253,0.301,0.277,0.298,1.126,2.197,0.594,0.594,0.592,0.588,0.59,0.592,0.595,3.292,3.294,0.984,1.251,1.248,1.247,1.249,1.131,0.989,2.483,2.482,2.486,2.396,1.96,2.498,2.498,2.112,2.767,2.796
0.801,3.011,0.297,0.266,0.298,0.3,0.298,0.298,1.305,1.996,0.549,0.543,0.59,0.59,0.589,0.594,0.485,2.833,3.293,1.263,1.126,1.086,1.033,1.238,0.999,1.262,2.482,2.197,2.485,1.972,2.501,2.329,1.945,1.985,2.903,3.298
0.799,2.945,0.297,0.299,0.232,0.299,0.251,0.298,1.305,2.198,0.594,0.594,0.592,0.589,0.59,0.592,0.595,3.006,3.293,1.008,1.252,1.249,1.183,1.248,1.256,1.253,2.393,2.481,2.482,2.508,2.502,2.497,2.212,2.422,2.76,2.813
0.998,3.011,0.295,0.298,0.298,0.299,0.298,0.298,1.304,2.198,0.593,0.562,0.59,0.59,0.589,0.594,0.594,2.861,2.735,1.162,1.253,1.248,1.049,0.975,1.256,1.261,2.23,2.482,2.087,2.51,2.216,2.348,2.497,2.5,3.015,3.248
1.023,2.976,0.297,0.299,0.298,0.243,0.297,0.297,1.304,2.483,0.465,0.594,0.591,0.584,0.59,0.594,0.595,3.294,3.292,1.263,1.252,1.199,1.196,1.248,1.256,1.261,2.484,2.482,2.242,2.42,2.502,2.216,2.211,2.501,3.302,3.114
0.911,2.847,0.297,0.299,0.298,0.299,0.297,0.297,1.303,2.483,0.594,0.593,0.592,0.59,0.54,0.592,0.547,3.131,2.769,1.188,1.161,1.248,1.246,0.995,1.192,1.261,2.203,2.159,2.485,2.51,2.501,2.212,2.498,2.504,2.889,3.299
1.07,3.294,0.296,0.299,0.298,0.259,0.297,0.297,1.303,2.483,0.593,0.594,0.592,0.59,0.459,0.594,0.595,3.009,2.721,1.063,1.192,1.055,1.215,1.248,1.038,1.261,2.483,2.482,2.486,2.51,2.504,2.498,2.198,2.217,3.301,3.13
1.07,3.009,0.296,0.299,0.296,0.299,0.297,0.297,1.304,2.341,0.593,0.594,0.591,0.589,0.566,0.513,0.594,2.723,3.295,1.217,1.252,1.248,1.246,1.249,1.255,1.262,2.484,2.481,2.422,2.511,4.353,2.389,2.368,2.379,3.182,3.284
1.07,3.296,0.295,0.299,0.298,0.298,0.297,0.245,1.305,2.209,0.534,0.592,0.59,0.59,0.59,0.594,0.594,3.295,3.235,1.263,1.251,1.098,0.973,1.174,1.224,1.096,2.116,2.362,2.294,2.51,4.796,1.972,2.501,2.26,2.753,3.014
1.075,2.929,0.296,0.299,0.272,0.299,0.297,0.297,1.305,2.483,0.592,0.594,0.591,0.589,0.59,0.592,0.595,3.008,3.01,1.007,1.251,0.974,1.068,1.05,1.093,1.252,2.482,2.482,2.45,2.508,4.355,2.498,2.131,2.502,3.137,3.299
1.106,3.293,0.295,0.299,0.298,0.299,0.297,0.297,1.305,2.235,0.591,0.488,0.59,0.59,0.467,0.594,0.543,3.058,3.263,1.263,1.251,1.135,1.246,1.213,1.256,1.121,2.151,2.482,2.484,2.505,4.353,2.275,2.503,2.504,3.025,3.299
0.97,3.275,0.297,0.299,0.298,0.299,0.295,0.232,1.306,2.394,0.592,0.594,0.59,0.589,0.59,0.592,0.595,3.294,3.295,1.264,1.251,1.249,1.09,1.248,1.113,1.26,2.482,2.288,2.227,2.017,4.351,2.429,2.218,2.503,2.881,3.3
1.114,2.88,0.296,0.299,0.298,0.299,0.231,0.29,1.125,2.482,1.892,0.592,0.533,0.459,0.589,0.594,0.55,3.294,3.294,1.263,1.141,1.248,1.246,1.249,0.988,1.26,2.465,2.445,2.198,2.507,4.64,2.497,2.337,2.504,3.301,2.726
0.955,3.293,0.295,0.299,0.298,0.299,0.263,0.298,1.264,2.428,0.562,0.462,0.59,0.589,0.59,0.594,0.595,2.99,3.133,1.001,1.253,1.248,1.246,1.094,1.255,1.025,2.198,2.028,2.222,2.508,4.43,2.497,2.503,2.507,3.014,2.76
1.082,3.007,0.297,0.252,0.298,0.299,0.231,0.232,1.305,2.197,1.89,0.592,0.589,0.59,0.589,0.489,0.576,3.007,3.12,1.263,1.058,1.249,1.246,1.0,1.255,1.26,2.485,2.197,2.389,2.179,4.353,2.399,2.086,2.504,3.301,3.195
1.085,3.098,0.297,0.299,0.298,0.299,0.295,0.298,1.305,2.164,1.888,0.594,0.59,0.569,0.59,0.594,0.595,3.114,3.292,1.263,1.253,1.248,1.247,1.161,1.255,1.261,2.484,2.055,1.982,2.224,4.457,2.497,2.502,2.504,2.876,3.063
1.069,2.721,0.296,0.241,0.235,0.299,0.297,0.298,1.305,2.386,0.593,0.592,0.59,0.59,0.589,0.592,0.595,3.293,3.294,1.055,1.252,1.248,1.247,1.248,1.254,1.26,2.482,2.216,2.139,4.403,4.355,2.346,2.503,2.504,3.134,3.011
1.057,3.292,0.295,0.299,0.298,0.298,0.289,0.298,1.304,2.198,0.472,0.594,0.463,0.586,0.59,0.594,0.593,3.294,3.293,1.064,1.253,1.248,1.149,1.248,1.191,1.26,2.317,2.482,2.486,4.8,4.352,2.498,2.272,2.503,3.155,3.298
1.094,3.294,0.294,0.299,0.268,0.299,0.297,0.232,1.175,2.484,0.593,0.594,0.59,0.59,0.572,0.592,0.595,3.293,3.074,1.22,1.252,1.247,1.247,1.249,1.254,1.234,2.197,2.481,2.173,4.673,4.405,2.212,2.429,2.446,3.293,3.211
1.105,3.179,0.295,0.299,0.298,0.282,0.297,0.232,1.303,2.485,0.593,0.593,0.589,0.59,0.59,0.594,0.594,2.789,2.94,1.263,1.253,1.248,1.247,1.229,1.207,1.26,2.278,2.482,2.486,4.542,4.355,2.497,2.011,2.219,2.73,3.013
0.873,3.293,0.294,0.299,0.297,0.299,0.297,0.298,1.303,2.484,0.479,0.594,0.592,0.47,0.59,0.592,0.463,2.94,2.806,1.263,1.252,1.248,1.247,1.248,1.254,1.262,2.403,2.482,2.487,4.405,4.927,2.337,2.502,2.505,3.287,2.725
1.162,3.217,0.295,0.299,0.298,0.299,0.297,0.298,1.303,2.483,0.593,0.493,0.511,0.59,0.589,0.594,0.594,2.815,3.232,1.263,1.253,1.248,1.018,1.25,1.007,1.26,2.197,2.447,2.486,4.549,4.354,2.498,2.5,2.066,3.141,3.298
0.93,3.094,0.294,0.299,0.298,0.299,0.231,0.298,1.303,2.484,0.591,0.594,0.59,0.485,0.59,0.594,0.595,3.292,3.295,0.99,1.001,1.248,1.248,1.248,1.255,1.26,2.483,2.384,2.256,4.41,4.357,2.498,2.477,2.508,3.299,3.011
1.164,3.17,0.295,0.298,0.298,0.299,0.297,0.296,1.059,2.485,0.593,0.524,0.589,0.59,0.589,0.47,0.594,3.293,2.723,1.263,1.253,1.007,1.247,1.003,1.254,1.261,2.485,2.198,2.135,4.358,4.356,2.265,2.501,2.508,3.136,3.087
0.947,3.293,0.297,0.299,0.298,0.299,0.297,0.298,1.303,2.108,0.506,0.594,0.59,0.508,0.59,0.593,0.595,3.008,3.296,1.007,1.252,1.248,1.247,1.165,1.254,1.26,2.096,2.347,2.485,4.358,4.358,2.497,2.501,2.508,2.993,2.949
1.165,3.006,0.297,0.271,0.298,0.299,0.297,0.297,1.077,2.262,0.594,0.592,0.589,0.59,0.589,0.492,0.595,3.16,2.977,1.083,1.252,1.249,1.247,1.18,1.256,1.26,2.26,2.476,2.177,4.843,4.642,2.297,2.339,2.222,2.852,3.012
1.166,2.887,0.297,0.299,0.298,0.299,0.297,0.298,1.304,2.291,0.594,0.594,0.59,0.589,0.459,0.593,0.584,3.008,3.014,1.262,1.251,1.248,1.247,1.194,1.254,1.26,2.199,2.099,2.048,4.414,4.357,2.167,2.501,2.274,3.299,2.961
1.261,3.007,0.295,0.292,0.299,0.299,0.297,0.252,1.304,2.278,0.592,0.585,0.577,0.59,0.589,0.591,0.595,3.222,2.987,1.262,1.251,1.248,1.247,1.248,1.254,1.261,2.402,2.254,2.212,4.847,4.358,2.327,2.5,2.506,3.143,3.297
1.242,2.935,0.297,0.299,0.299,0.298,0.296,0.232,1.256,2.484,0.462,0.594,0.59,0.589,0.59,0.593,0.593,3.293,3.135,1.262,1.252,1.04,1.247,1.249,1.255,1.26,2.485,2.409,2.337,4.359,4.709,2.498,2.501,2.289,3.287,3.011
1.317,2.819,0.295,0.299,0.238,0.299,0.298,0.297,1.122,2.483,0.591,0.594,0.592,0.59,0.589,0.592,0.595,3.005,2.999,1.262,1.229,1.248,1.009,1.249,1.013,1.262,2.484,2.274,2.485,4.851,4.856,2.498,2.501,2.501,3.302,3.299
1.317,3.292,0.297,0.299,0.299,0.275,0.296,0.298,1.303,2.484,0.593,0.593,0.469,0.59,0.459,0.593,0.593,3.291,3.15,1.261,1.252,1.248,1.051,1.248,1.164,1.261,2.216,2.197,2.394,4.358,4.72,2.23,2.503,5.755,3.301,3.298
1.27,3.008,0.297,0.299,0.298,0.299,0.298,0.298,1.303,2.3,0.591,0.594,0.59,0.464,0.59,0.55,0.594,3.288,3.295,1.261,1.252,1.248,1.037,1.248,1.035,1.261,2.483,2.29,2.486,4.861,2.319,2.383,2.226,2.499,2.862,3.299
1.143,2.735,0.297,0.299,0.299,0.299,0.298,0.298,1.018,2.484,0.593,0.592,0.589,0.59,0.589,0.593,0.592,3.291,2.884,1.116,1.11,1.248,1.194,1.248,1.189,1.261,2.219,2.483,2.201,4.437,2.275,2.496,2.102,2.497,3.3,3.279
1.286,3.294,0.297,0.299,0.298,0.299,0.298,0.298,1.304,2.483,0.591,0.594,0.59,0.589,0.59,0.591,0.594,2.765,3.031,1.262,1.251,1.248,1.246,1.248,1.172,1.082,2.483,2.392,2.486,4.869,2.497,2.496,2.216,2.203,2.731,2.863
1.124,3.295,0.295,0.299,0.299,0.299,0.298,0.298,1.303,2.484,0.593,0.593,0.589,0.59,0.588,0.593,0.594,3.293,2.723,1.261,1.252,1.19,1.246,1.248,1.254,1.261,2.483,2.176,2.441,4.447,2.42,2.497,2.216,2.361,3.301,3.135
1.346,2.924,0.297,0.299,0.288,0.299,0.298,0.298,1.189,2.197,0.592,0.594,0.59,0.589,0.59,0.591,0.592,3.007,3.296,1.262,1.252,1.249,1.246,1.248,1.254,1.261,2.41,2.483,2.021,4.358,2.461,2.497,2.502,2.498,2.732,3.297
1.051,3.293,0.274,0.299,0.298,0.299,0.298,0.298,1.257,2.483,0.594,0.553,0.589,0.59,0.589,0.593,0.594,3.293,2.915,1.169,1.252,1.248,1.246,1.136,1.254,1.262,2.482,2.484,2.485,4.357,2.326,2.497,2.501,2.499,3.304,3.117
1.197,3.007,0.297,0.299,0.296,0.299,0.282,0.298,1.302,2.482,0.581,0.594,0.59,0.589,0.59,0.586,0.592,3.294,3.071,1.202,1.155,0.992,1.109,1.242,1.255,1.077,2.198,2.48,2.327,4.356,2.215,2.495,2.502,2.497,3.14,3.298
0.982,3.294,0.297,0.299,0.298,0.299,0.298,0.298,1.089,2.199,0.594,0.573,0.589,0.59,0.59,0.593,0.594,2.995,3.217,1.262,1.253,1.115,0.977,1.248,0.986,1.262,2.038,2.481,2.485,4.744,2.043,2.053,2.502,2.497,3.296,3.299
1.19,3.263,0.296,0.299,0.298,0.271,0.278,0.298,1.304,2.196,0.594,0.594,0.459,0.589,0.571,0.593,0.594,2.722,3.065,1.262,1.253,1.248,1.246,1.248,1.113,1.19,2.485,2.197,2.352,4.889,2.185,2.497,2.503,2.21,3.158,3.012
1.189,3.139,0.297,0.298,0.232,0.299,0.298,0.298,1.302,1.932,0.593,0.594,0.589,0.591,0.59,0.478,0.592,3.292,3.295,1.262,1.253,1.248,1.012,1.248,1.255,1.26,2.076,1.982,2.486,4.464,2.33,2.496,2.212,2.211,3.017,3.061
1.121,3.007,0.297,0.299,0.298,0.299,0.298,0.298,1.303,2.483,0.594,0.587,0.59,0.498,0.524,0.593,0.594,3.005,3.295,1.088,1.253,1.249,1.246,1.248,1.255,1.26,2.483,2.482,2.377,2.542,2.497,1.965,2.502,2.282,2.733,3.211
1.173,3.006,0.297,0.274,0.298,0.299,0.232,0.298,1.159,2.46,0.592,0.594,0.59,0.591,0.59,0.591,0.594,3.007,2.968,1.263,1.253,1.248,1.247,1.248,1.226,1.147,2.388,2.483,2.249,3.003,2.495,2.495,2.216,2.495,3.02,3.013
1.218,2.78,0.257,0.299,0.232,0.299,0.298,0.298,1.032,2.307,0.594,0.592,0.589,0.589,0.564,0.593,0.463,3.233,3.119,1.263,1.253,1.248,1.247,1.248,1.158,1.26,2.484,2.457,2.485,2.833,2.488,2.287,2.503,2.295,3.139,3.297
1.22,3.006,0.297,0.298,0.296,0.298,0.297,0.298,1.304,1.974,0.537,0.594,0.59,0.59,0.59,0.543,0.593,3.008,2.981,1.264,1.253,1.193,1.145,0.997,1.025,1.26,2.286,2.482,2.485,2.692,2.495,2.277,1.983,2.498,3.304,2.803
1.218,2.822,0.295,0.299,0.298,0.233,0.298,0.298,1.304,2.485,0.594,0.593,0.588,0.556,0.59,0.592,0.595,2.976,2.722,1.126,1.253,1.069,1.225,1.248,1.177,1.26,2.484,2.204,2.485,2.549,2.494,2.033,2.501,2.499,2.731,3.297
0.936,3.155,0.297,0.299,0.255,0.29,0.259,0.298,1.304,2.277,0.593,0.594,0.59,0.59,0.589,0.591,0.595,3.131,3.289,1.263,1.111,1.248,1.247,1.248,1.254,1.17,2.198,2.362,2.484,2.721,4.638,2.209,2.501,2.214,3.13,3.3
1.189,2.852,0.297,0.299,0.298,0.299,0.232,0.298,1.304,2.483,0.594,0.593,0.521,0.589,0.459,0.593,0.595,3.133,2.87,1.262,1.253,1.248,1.248,1.249,1.196,1.26,2.378,2.464,2.485,3.007,4.357,2.497,2.501,2.332,2.892,3.193
0.969,3.292,0.296,0.299,0.28,0.299,0.298,0.298,1.302,2.011,0.594,0.594,0.59,0.59,0.52,0.51,0.596,3.131,3.007,1.262,1.253,1.248,1.094,1.003,1.254,1.216,2.484,2.397,2.05,2.931,4.354,2.235,2.215,2.485,3.018,3.298
1.186,3.005,0.297,0.299,0.298,0.299,0.232,0.298,1.302,2.199,0.592,0.593,0.546,0.502,0.59,0.593,0.595,3.293,2.721,1.262,1.253,1.249,1.247,1.159,1.255,1.091,2.484,2.426,2.201,2.72,4.929,2.209,2.5,2.504,3.139,2.969
1.186,3.057,0.297,0.299,0.296,0.299,0.298,0.298,1.035,2.482,0.594,0.594,0.59,0.59,0.589,0.592,0.596,3.291,3.05,1.262,1.253,1.001,1.247,1.248,1.255,0.994,2.225,2.433,2.487,3.004,4.549,2.495,2.5,2.215,3.304,2.834
1.181,3.005,0.297,0.299,0.298,0.253,0.232,0.298,1.303,2.462,0.504,0.593,0.561,0.513,0.59,0.593,0.595,3.096,2.912,1.262,1.253,1.248,1.247,1.187,1.255,1.261,2.198,2.482,2.488,2.72,4.355,2.494,2.231,2.376,2.732,2.984
1.199,2.815,0.295,0.299,0.298,0.299,0.298,0.298,1.303,2.197,0.594,0.594,0.459,0.59,0.59,0.592,0.595,2.722,3.062,1.019,1.253,1.248,1.179,1.248,1.256,1.262,2.484,2.482,2.363,3.005,4.55,2.495,2.213,2.237,3.304,3.298
1.247,2.983,0.296,0.275,0.298,0.298,0.296,0.298,1.135,2.229,0.593,0.544,0.585,0.589,0.589,0.593,0.596,3.135,3.007,1.173,1.031,1.248,1.247,1.225,1.243,1.261,2.136,2.196,2.485,2.722,4.639,2.495,2.499,2.51,2.731,3.011
1.255,2.722,0.261,0.299,0.298,0.299,0.298,0.298,1.266,2.359,0.594,0.594,0.459,0.59,0.59,0.593,0.559,2.722,3.075,1.262,1.252,1.058,1.207,1.1,1.255,1.041,2.483,2.482,2.486,2.479,4.561,2.495,2.212,1.97,3.083,2.728
1.161,2.741,0.297,0.298,0.298,0.299,0.296,0.298,1.303,2.483,0.545,0.593,0.59,0.589,0.537,0.594,0.596,3.293,3.223,1.191,1.252,1.248,1.247,1.248,1.018,1.261,2.483,2.097,2.483,3.007,4.353,2.468,2.499,2.219,3.016,3.013
1.005,3.294,0.297,0.299,0.299,0.299,0.298,0.298,1.303,2.482,0.594,0.594,0.589,0.59,0.59,0.592,0.527,2.75,3.292,1.262,1.252,1.248,1.246,1.13,1.255,1.261,2.342,2.482,2.199,2.781,4.354,2.054,2.499,2.275,3.017,3.301
0.91,3.296,0.231,0.299,0.299,0.299,0.296,0.298,1.303,2.196,0.592,0.593,0.59,0.589,0.589,0.594,0.596,2.724,3.241,1.216,1.252,1.248,1.246,1.248,1.255,1.261,2.476,2.483,2.485,2.933,4.429,2.216,2.499,2.501,3.3,3.3
1.164,3.008,0.296,0.299,0.299,0.299,0.298,0.297,1.303,2.326,0.594,0.592,0.589,0.59,0.458,0.594,0.595,3.083,3.291,1.261,1.012,1.248,1.243,1.248,1.255,1.261,2.197,2.4,2.198,2.801,4.577,2.208,2.501,2.499,3.073,3.303
1.165,1.12,0.297,0.299,0.298,0.299,0.298,0.298,1.26,2.482,0.594,0.594,0.591,0.589,0.59,0.582,0.596,3.294,2.971,0.991,1.178,1.248,1.13,1.248,1.255,1.233,2.483,2.198,2.266,2.947,4.438,2.495,2.5,2.214,3.231,2.972
1.165,1.108,0.297,0.299,0.299,0.299,0.298,0.297,1.124,2.483,0.466,0.593,0.59,0.59,0.589,0.594,0.595,3.078,3.124,1.117,1.253,1.036,1.246,1.248,1.239,1.26,2.43,2.198,2.2,3.008,4.587,2.493,2.503,2.499,3.062,3.3
0.315,0.834,0.295,0.299,0.298,0.299,0.298,0.298,1.303,2.269,0.594,0.594,0.591,0.54,0.59,0.591,0.596,3.228,3.004,1.262,1.253,1.249,1.246,1.248,1.109,1.053,2.306,2.483,2.2,4.355,4.74,1.992,2.093,2.5,3.198,3.299
0.315,1.072,0.297,0.299,0.299,0.298,0.298,0.277,1.148,2.483,0.494,0.592,0.46,0.59,0.589,0.594,0.464,3.097,3.129,1.262,1.093,1.209,1.027,1.235,1.255,1.26,2.483,2.483,2.485,2.721,4.896,2.209,2.502,2.498,3.304,3.014
0.315,1.13,0.295,0.299,0.298,0.299,0.298,0.298,1.303,2.482,0.594,0.594,0.573,0.589,0.59,0.509,0.595,3.295,3.288,1.262,1.254,1.248,1.246,1.248,1.255,1.088,2.057,2.254,2.485,4.762,2.5,2.021,2.502,2.221,2.914,3.16
0.314,1.142,0.297,0.259,0.299,0.298,0.298,0.261,1.302,2.175,0.526,0.593,0.46,0.59,0.589,0.593,0.597,3.122,2.868,1.161,1.252,1.248,1.048,0.978,1.255,1.249,2.483,2.482,2.486,4.921,2.5,2.176,2.502,2.5,3.305,2.845
0.312,1.098,0.297,0.299,0.298,0.233,0.298,0.298,1.262,2.482,0.594,0.594,0.59,0.562,0.459,0.527,0.595,3.295,2.741,1.03,1.252,1.249,1.206,1.134,1.255,1.26,2.104,2.289,2.292,3.006,2.501,2.495,2.501,2.492,2.911,2.728
0.313,1.132,0.297,0.298,0.299,0.298,0.297,0.297,1.303,2.205,0.592,0.593,0.591,0.59,0.589,0.593,0.596,2.724,3.127,1.185,1.181,1.248,1.079,1.249,1.255,0.992,2.268,2.451,2.485,4.928,2.5,2.189,2.003,2.502,3.016,3.014
0.312,1.165,0.297,0.299,0.299,0.299,0.298,0.298,1.303,2.361,0.594,0.594,0.492,0.574,0.459,0.542,0.595,3.002,2.771,1.263,1.252,1.248,1.247,1.248,1.225,1.151,2.433,2.332,2.485,4.357,2.305,2.494,2.501,2.506,3.301,3.299
3.293,1.366,0.295,0.299,0.299,0.299,0.297,0.297,1.249,2.233,0.592,0.592,0.592,0.59,0.59,0.593,0.596,2.725,3.003,1.263,1.252,1.249,1.247,1.031,1.255,1.26,2.484,2.485,2.484,2.212,2.447,2.208,2.498,2.127,2.773,3.114
3.132,1.278,0.296,0.299,0.299,0.233,0.298,0.298,1.121,2.101,0.594,0.594,0.591,0.589,0.477,0.591,0.595,3.296,3.005,1.263,1.252,1.249,1.247,1.248,1.255,1.26,2.484,2.483,2.199,2.503,2.216,2.493,2.214,2.285,3.301,3.253
1.299,1.058,0.296,0.299,0.299,0.299,0.296,0.296,1.282,2.197,0.594,0.592,0.59,0.59,0.59,0.593,0.596,3.156,2.718,1.263,1.252,1.249,1.144,1.248,1.145,1.26,2.199,2.247,2.459,2.223,2.218,2.493,2.5,2.229,3.301,3.107
1.217,1.366,0.297,0.299,0.299,0.299,0.298,0.298,1.304,2.197,0.594,0.594,0.591,0.587,0.589,0.577,0.596,2.737,3.006,1.263,1.252,1.248,1.247,1.248,1.255,1.262,2.197,2.408,2.029,2.505,2.501,2.493,2.481,2.306,3.015,3.012
1.204,1.08,0.297,0.299,0.299,0.299,0.295,0.298,1.304,2.482,0.594,0.594,0.533,0.59,0.59,0.592,0.595,3.176,3.289,1.263,1.252,1.063,1.247,1.248,1.255,1.133,2.107,2.484,2.456,2.498,2.161,2.207,2.5,2.517,3.302,3.299
1.202,1.244,0.297,0.299,0.298,0.298,0.232,0.298,1.303,2.482,0.592,0.587,0.591,0.59,0.589,0.593,0.597,3.296,2.846,1.263,1.209,1.249,1.235,0.98,1.255,1.26,2.484,2.438,2.391,2.388,2.217,2.493,2.501,2.516,3.302,3.186
1.151,1.243,0.297,0.233,0.245,0.299,0.298,0.298,1.303,2.321,0.594,0.594,0.553,0.578,0.59,0.482,0.491,2.92,3.289,1.264,1.089,1.249,1.247,1.248,1.204,1.155,2.483,2.483,2.483,2.25,2.454,2.493,2.214,2.516,3.305,3.012
1.202,1.2,0.245,0.298,0.298,0.273,0.298,0.298,1.304,2.483,0.565,0.592,0.592,0.459,0.559,0.593,0.596,3.295,3.292,1.102,1.254,1.248,1.247,1.248,1.076,1.032,2.302,2.187,2.036,2.506,2.5,2.455,2.499,2.061,2.927,2.727
1.202,1.213,0.297,0.299,0.296,0.299,0.298,0.232,1.303,2.483,0.594,0.594,0.577,0.589,0.59,0.591,0.595,3.293,3.292,1.264,1.137,1.1,1.247,1.076,1.255,1.26,2.483,2.484,2.484,2.267,2.215,2.329,2.395,2.511,3.087,3.299
1.051,1.029,0.27,0.298,0.298,0.298,0.232,0.298,1.303,1.94,0.592,0.592,0.591,0.59,0.589,0.461,0.596,3.008,3.005,1.177,1.016,1.248,1.247,1.248,1.105,1.082,2.063,2.217,2.015,2.507,2.5,2.489,2.498,2.226,3.016,2.726
3.018,1.201,0.297,0.299,0.298,0.299,0.298,0.297,1.166,2.389,0.594,0.594,0.46,0.589,0.588,0.591,0.595,2.722,3.292,1.265,1.045,1.132,1.16,1.05,1.255,1.261,2.231,2.373,2.482,2.291,2.469,2.365,2.423,2.513,3.304,2.822
3.293,1.241,0.297,0.299,0.298,0.299,0.298,0.297,1.304,2.442,0.592,0.592,0.59,0.59,0.59,0.592,0.596,3.291,3.291,1.264,1.253,1.214,1.247,1.249,1.136,1.261,2.397,2.484,2.483,2.509,2.497,2.494,2.214,2.224,3.215,2.963
2.721,1.268,0.231,0.299,0.298,0.299,0.232,0.297,1.304,2.482,0.594,0.462,0.592,0.589,0.589,0.591,0.595,3.021,2.795,1.264,1.253,1.248,1.247,1.248,1.256,1.262,2.275,2.291,2.231,2.311,2.244,2.494,2.498,2.509,3.076,2.821
3.008,1.253,0.297,0.299,0.232,0.299,0.298,0.297,1.076,2.291,0.593,0.593,0.59,0.59,0.59,0.593,0.596,3.291,2.949,1.263,1.252,1.036,1.036,1.142,1.255,1.262,2.264,2.283,2.483,2.51,2.383,2.496,2.397,2.51,2.934,3.183
3.19,1.228,0.297,0.298,0.298,0.299,0.298,0.297,1.236,2.451,0.594,0.462,0.591,0.549,0.586,0.591,0.597,3.008,3.036,1.263,1.254,1.248,1.246,1.248,1.03,1.051,2.484,2.483,2.198,2.223,2.234,2.494,2.502,2.492,2.795,3.299
3.292,1.142,0.297,0.299,0.298,0.299,0.291,0.297,1.304,2.04,0.593,0.594,0.59,0.59,0.588,0.591,0.595,2.719,3.293,1.263,1.093,1.248,1.043,1.106,1.185,1.261,2.484,2.484,2.484,2.507,2.359,2.291,2.093,2.507,3.219,3.251
3.006,1.203,0.295,0.299,0.232,0.299,0.298,0.296,1.261,2.2,0.594,0.468,0.591,0.589,0.589,0.593,0.596,3.291,3.121,1.263,1.22,1.248,1.192,1.248,1.254,1.262,2.484,2.484,2.198,2.34,2.226,2.443,2.502,2.507,3.305,3.034
1.218,1.232,0.297,0.299,0.298,0.299,0.266,0.296,1.129,2.196,0.594,0.462,0.54,0.459,0.59,0.591,0.595,3.169,2.722,1.264,1.166,1.248,1.246,1.248,1.024,1.26,2.484,2.199,2.097,2.506,2.501,2.308,2.217,2.506,2.929,3.298
1.061,1.117,0.295,0.299,0.298,0.298,0.298,0.295,1.302,2.482,0.468,0.593,0.59,0.59,0.589,0.593,0.596,3.13,2.721,1.264,1.042,1.25,1.246,1.249,1.256,1.137,2.3,1.932,2.484,2.507,2.498,2.496,2.503,2.509,3.074,3.299
1.212,1.117,0.231,0.299,0.297,0.299,0.292,0.295,1.157,2.113,0.594,0.594,0.589,0.588,0.59,0.514,0.595,3.006,3.015,1.245,1.252,1.125,1.246,1.17,1.254,1.261,2.421,2.379,2.484,2.228,2.5,2.343,2.218,2.51,3.018,2.728
1.206,1.013,0.297,0.299,0.298,0.298,0.298,0.296,1.303,2.482,0.593,0.489,0.59,0.59,0.584,0.593,0.596,2.893,3.008,1.146,1.252,1.248,1.246,1.249,1.103,1.262,2.198,2.444,1.988,2.509,2.483,2.496,2.403,2.511,3.079,3.299
1.198,1.195,0.297,0.259,0.296,0.299,0.298,0.296,1.302,2.144,0.594,0.594,0.59,0.589,0.589,0.591,0.595,2.773,3.009,1.263,1.252,1.059,1.246,1.249,1.255,1.261,2.485,2.481,2.484,2.509,4.564,2.38,2.503,2.512,2.732,3.298
1.199,1.141,0.297,0.299,0.298,0.298,0.298,0.23,1.052,2.299,0.593,0.593,0.589,0.59,0.59,0.593,0.595,3.217,2.915,1.262,1.253,1.248,1.236,1.048,1.255,1.26,2.483,2.301,2.295,2.388,4.429,2.495,2.358,2.072,3.305,2.846
0.957,1.141,0.297,0.298,0.296,0.299,0.298,0.296,1.206,2.452,0.594,0.594,0.459,0.589,0.493,0.591,0.596,3.292,3.069,1.262,1.225,1.191,1.106,1.249,1.256,1.26,2.072,2.466,2.484,2.251,4.356,2.494,2.502,2.512,3.224,3.012
1.016,1.144,0.297,0.299,0.232,0.299,0.298,0.296,1.303,2.319,0.534,0.499,0.487,0.59,0.459,0.593,0.595,3.005,3.197,1.262,1.252,1.248,1.246,1.249,1.061,1.262,2.485,2.345,2.485,2.512,2.501,2.495,2.502,2.514,2.799,3.14
1.191,1.144,0.295,0.299,0.298,0.299,0.298,0.231,1.303,2.232,0.594,0.594,0.59,0.539,0.589,0.585,0.596,3.292,3.098,1.262,1.038,1.248,1.247,1.248,1.255,1.104,2.4,2.48,2.243,2.511,2.317,2.495,2.263,2.229,2.728,3.002
1.141,1.145,0.297,0.299,0.298,0.299,0.296,0.297,1.088,2.483,0.593,0.593,0.589,0.59,0.59,0.593,0.595,3.007,3.256,1.262,1.252,1.087,1.248,1.248,1.256,1.261,2.485,2.483,2.2,2.401,2.217,2.495,2.216,2.515,3.302,3.135
1.003,1.147,0.295,0.299,0.298,0.299,0.298,0.297,1.243,2.193,0.594,0.594,0.59,0.589,0.589,0.593,0.596,2.876,3.292,1.262,1.253,1.248,1.246,0.971,1.255,1.26,2.484,1.97,2.2,2.483,2.314,2.495,2.023,1.972,3.245,3.297
1.153,1.147,0.297,0.298,0.296,0.299,0.27,0.297,1.303,2.484,0.592,0.517,0.589,0.59,0.459,0.593,0.595,3.293,2.725,1.262,0.998,1.108,1.246,1.248,1.214,1.26,2.38,2.483,2.486,2.402,2.276,2.495,2.501,2.515,3.301,2.875
1.072,1.149,0.295,0.299,0.298,0.299,0.298,0.297,1.262,2.485,0.594,0.594,0.59,0.589,0.554,0.593,0.596,3.292,2.885,1.262,1.251,1.249,1.246,1.248,1.254,1.261,2.485,2.483,2.481,2.485,2.422,2.21,2.502,2.23,3.299,3.298
1.176,1.15,0.297,0.299,0.259,0.299,0.296,0.297,1.13,2.359,0.594,0.592,0.589,0.59,0.59,0.591,0.596,3.295,3.009,1.262,0.979,1.132,1.018,1.248,1.237,1.095,2.484,2.18,2.485,2.512,2.446,2.21,2.226,2.143,3.027,3.134
1.176,1.106,0.297,0.301,0.298,0.298,0.298,0.295,1.285,2.198,0.593,0.594,0.59,0.589,0.589,0.593,0.467,2.926,2.927,1.085,1.142,1.249,1.171,1.248,1.1,1.261,2.483,2.483,2.485,2.512,2.217,2.495,2.386,2.515,3.278,3.298
1.176,1.066,0.297,0.301,0.24,0.299,0.298,0.296,1.302,2.483,0.594,0.593,0.589,0.59,0.59,0.592,0.596,3.292,3.295,1.262,1.157,1.064,1.246,1.249,1.256,1.261,2.483,2.198,2.337,2.341,2.501,2.13,2.262,2.516,3.301,3.176
1.054,1.248,0.297,0.237,0.298,0.298,0.298,0.295,1.301,2.197,0.593,0.594,0.59,0.589,0.59,0.593,0.595,3.235,2.969,1.262,1.252,1.248,1.246,1.248,1.254,1.261,2.484,2.483,2.226,2.515,2.458,2.495,2.422,2.023,3.296,2.75
1.202,1.145,0.297,0.301,0.298,0.299,0.298,0.23,1.303,2.483,0.594,0.592,0.589,0.59,0.589,0.591,0.596,2.82,3.293,1.262,1.252,1.184,1.246,0.985,0.998,1.261,2.198,2.44,2.485,2.23,2.505,2.452,2.293,2.514,3.157,3.134
0.295,1.258,0.297,0.299,0.298,0.298,0.298,0.295,1.303,2.483,0.544,0.594,0.59,0.565,0.59,0.592,0.52,3.292,2.728,1.262,1.081,1.248,1.246,1.248,1.076,1.261,2.276,2.42,2.486,2.515,2.261,2.33,2.28,2.037,3.304,2.764
0.298,1.258,0.295,0.301,0.298,0.299,0.298,0.296,1.192,2.482,0.594,0.594,0.589,0.59,0.589,0.55,0.596,2.851,3.294,1.262,1.241,1.248,1.079,1.248,1.256,1.229,2.484,2.294,2.485,2.512,2.219,2.207,2.045,2.189,3.016,3.296
0.297,1.177,0.297,0.299,0.235,0.298,0.298,0.23,1.262,2.197,0.573,0.592,0.59,0.589,0.59,0.594,0.595,3.294,2.767,1.26,1.253,1.249,1.246,1.136,1.255,1.103,2.484,2.483,2.196,2.513,2.503,2.348,2.203,2.51,3.017,3.296
0.297,1.112,0.295,0.233,0.298,0.299,0.298,0.296,1.303,2.46,0.594,0.594,0.589,0.59,0.589,0.592,0.464,3.167,2.722,1.26,1.253,1.24,1.246,1.011,1.029,1.263,2.457,2.198,2.338,2.511,2.503,2.211,2.355,2.511,3.302,3.212
0.295,1.051,0.297,0.299,0.278,0.298,0.298,0.23,1.066,2.052,0.594,0.593,0.592,0.59,0.59,0.468,0.464,3.295,3.294,1.262,1.147,1.248,1.246,1.248,1.255,1.261,2.484,2.485,2.225,2.32,2.491,2.41,2.229,2.509,3.302,3.295
0.294,1.041,0.295,0.298,0.298,0.299,0.298,0.296,1.106,2.217,0.594,0.594,0.555,0.59,0.589,0.592,0.479,3.132,2.972,1.26,1.253,1.248,1.246,1.248,1.255,1.262,2.198,2.356,2.487,2.221,2.503,2.496,2.217,2.508,3.3,2.952
0.293,1.067,0.297,0.299,0.298,0.299,0.298,0.294,1.303,2.483,0.594,0.593,0.592,0.59,0.46,0.593,0.596,2.778,3.14,1.244,1.253,1.249,1.246,1.249,1.254,1.262,2.198,2.483,2.486,2.055,2.504,2.441,1.974,2.225,2.775,3.295
0.292,1.15,0.297,0.258,0.298,0.299,0.298,0.296,1.108,2.482,0.469,0.594,0.59,0.586,0.59,0.594,0.595,3.292,3.024,1.12,1.05,1.248,1.11,1.248,1.254,1.262,2.199,2.107,2.487,2.505,2.504,2.496,2.417,2.511,3.3,3.294
0.29,1.145,0.23,0.299,0.232,0.299,0.296,0.296,1.304,2.483,0.594,0.592,0.46,0.59,0.503,0.591,0.596,2.815,3.131,0.999,1.253,1.249,1.247,1.249,1.254,1.262,2.484,2.433,2.196,2.506,2.504,2.21,2.503,2.225,3.303,3.296
0.287,1.143,0.296,0.298,0.296,0.299,0.298,0.296,1.305,2.296,0.593,0.594,0.572,0.469,0.59,0.593,0.595,2.97,3.294,1.166,1.252,1.043,1.117,1.109,1.08,1.261,2.484,2.483,2.487,2.508,2.458,2.209,2.502,2.511,2.731,3.01
0.288,1.148,0.295,0.299,0.298,0.299,0.297,0.296,1.304,2.459,0.594,0.568,0.59,0.59,0.588,0.568,0.596,2.846,3.195,1.05,1.25,1.248,1.234,1.248,1.22,1.005,2.199,2.197,2.2,2.508,2.042,2.496,2.051,2.511,3.304,3.146
0.285,0.9,0.23,0.299,0.232,0.299,0.298,0.296,1.195,2.34,0.593,0.594,0.589,0.479,0.59,0.593,0.595,3.292,3.294,1.214,1.252,1.249,1.246,1.143,1.139,1.11,2.483,2.483,2.2,2.508,2.198,2.495,2.501,2.473,3.015,3.011
0.285,1.049,0.294,0.299,0.298,0.299,0.296,0.296,1.304,2.485,0.594,0.593,0.59,0.59,0.59,0.591,0.596,2.879,3.293,1.261,1.251,1.222,1.001,1.196,1.255,1.26,2.434,2.483,2.189,2.511,2.355,2.268,2.215,2.429,3.3,3.011
0.284,0.915,0.296,0.299,0.298,0.298,0.297,0.296,1.212,2.372,0.593,0.594,0.59,0.589,0.589,0.593,0.596,3.296,2.723,1.261,1.253,1.13,1.246,1.248,1.255,1.26,2.392,2.475,2.367,2.51,2.503,2.21,2.501,2.514,3.299,2.75
0.281,1.15,0.257,0.253,0.298,0.233,0.295,0.296,1.304,1.964,0.594,0.594,0.589,0.59,0.59,0.593,0.496,3.192,3.02,1.262,1.253,1.243,1.246,1.058,1.255,1.261,2.235,2.482,2.484,2.224,2.502,2.417,2.216,2.514,3.3,3.135
0.279,0.939,0.296,0.299,0.298,0.259,0.297,0.295,1.304,2.408,0.536,0.467,0.59,0.589,0.504,0.591,0.597,3.294,3.295,1.262,1.253,1.107,1.246,1.248,1.255,1.194,2.197,2.483,2.485,2.224,2.242,2.495,2.501,2.514,3.299,3.052
0.278,1.093,0.297,0.299,0.296,0.299,0.281,0.296,1.304,2.484,0.594,0.594,0.589,0.459,0.59,0.592,0.595,3.223,2.759,1.262,1.252,0.98,1.015,1.11,1.256,1.262,1.935,2.483,2.487,2.509,4.351,2.495,2.447,2.514,3.071,3.296
0.274,1.157,0.297,0.299,0.298,0.298,0.297,0.296,1.304,2.483,0.555,0.485,0.59,0.524,0.588,0.511,0.596,3.103,3.01,1.263,1.221,1.135,1.246,0.991,1.255,1.224,2.096,2.483,2.078,2.258,4.436,2.208,2.503,2.516,3.299,3.012
0.256,1.133,0.297,0.299,0.296,0.299,0.297,0.23,1.304,2.312,0.594,0.594,0.589,0.59,0.59,0.593,0.595,2.971,3.073,1.205,1.253,1.247,1.246,1.156,1.194,1.262,2.198,2.483,2.486,2.507,4.354,2.493,2.481,2.494,3.08,2.927
0.27,1.165,0.296,0.233,0.298,0.294,0.298,0.295,1.28,2.483,0.581,0.511,0.59,0.537,0.589,0.534,0.596,2.846,2.947,1.262,1.252,1.065,1.052,1.249,1.254,0.994,2.198,2.198,2.097,2.267,4.738,2.494,2.503,2.512,2.729,3.298
0.261,1.123,0.297,0.299,0.232,0.299,0.296,0.295,1.178,2.482,0.594,0.593,0.589,0.59,0.588,0.592,0.595,3.293,3.296,1.262,1.253,1.02,1.027,1.248,1.215,1.26,2.198,2.484,1.964,2.509,4.6,2.107,2.504,2.222,3.07,3.296
0.263,1.123,0.295,0.298,0.298,0.299,0.298,0.23,1.29,2.482,0.594,0.539,0.59,0.55,0.59,0.591,0.596,3.294,2.974,1.262,1.251,1.247,1.033,1.249,1.255,1.26,2.455,2.379,2.488,2.224,4.751,2.208,2.37,2.23,3.229,3.011
0.256,0.911,0.296,0.299,0.298,0.233,0.295,0.296,1.305,2.198,0.593,0.594,0.494,0.59,0.589,0.593,0.596,3.03,3.134,0.99,1.076,1.247,1.246,0.972,1.255,1.26,2.373,2.483,2.488,2.51,4.9,2.494,2.218,2.514,3.09,3.011
0.247,1.12,0.295,0.299,0.298,0.299,0.232,0.297,1.041,2.278,0.594,0.568,0.59,0.589,0.59,0.593,0.48,3.182,3.293,1.263,1.252,1.203,1.246,1.248,1.11,1.26,2.485,2.483,2.488,2.224,4.472,2.494,2.503,2.381,3.297,3.297
0.241,0.943,0.297,0.299,0.298,0.299,0.298,0.296,1.304,2.441,0.593,0.594,0.589,0.59,0.513,0.591,0.596,3.079,2.725,1.262,1.165,1.247,1.246,1.248,1.256,1.261,2.482,2.484,2.28,2.416,4.621,2.252,2.502,1.955,3.101,2.724
0.239,1.105,0.297,0.299,0.296,0.299,0.232,0.231,1.073,2.483,0.594,0.594,0.59,0.589,0.59,0.592,0.508,3.207,3.297,1.262,1.03,1.247,1.221,1.249,1.254,1.071,2.483,2.448,2.487,2.27,4.358,2.494,2.218,2.104,3.297,2.723
0.234,1.082,0.296,0.299,0.298,0.299,0.298,0.297,1.303,2.203,0.592,0.579,0.589,0.59,0.53,0.552,0.596,3.293,2.89,1.263,1.179,1.247,1.083,1.249,1.254,1.26,2.483,2.483,2.202,2.412,4.618,2.494,2.455,2.25,3.298,2.724
0.234,1.096,0.297,0.299,0.296,0.299,0.298,0.297,1.105,2.483,0.594,0.462,0.459,0.59,0.592,0.593,0.517,3.292,3.011,1.028,1.184,0.987,0.986,1.251,1.254,1.107,2.484,2.485,2.486,2.27,4.355,2.331,2.15,2.514,3.299,2.861
0.232,0.998,0.297,0.298,0.298,0.299,0.298,0.295,1.304,2.458,0.593,0.592,0.524,0.479,0.59,0.532,0.596,3.114,2.915,1.263,1.252,1.247,1.246,1.249,1.254,1.262,2.158,2.084,2.201,2.512,4.612,2.495,2.218,2.246,3.139,3.296
0.226,0.825,0.297,0.299,0.298,0.299,0.298,0.297,1.136,2.483,0.594,0.594,0.592,0.59,0.591,0.592,0.595,3.291,3.297,1.263,1.167,1.247,1.239,1.249,1.254,1.261,2.033,2.252,2.185,1.991,4.465,2.496,2.504,2.365,3.291,3.135
0.226,1.042,0.294,0.265,0.298,0.253,0.298,0.295,1.027,2.279,0.593,0.535,0.59,0.588,0.59,0.591,0.596,2.722,3.296,1.263,1.214,1.249,1.103,1.185,1.255,0.995,2.198,2.197,2.338,2.129,4.354,2.026,2.315,2.517,3.014,3.03
0.222,1.039,0.295,0.299,0.298,0.299,0.298,0.297,1.161,2.44,0.594,0.594,0.592,0.59,0.592,0.592,0.596,3.127,3.012,1.262,1.252,1.248,1.248,1.069,1.255,1.262,2.353,2.302,2.207,2.267,4.686,2.247,2.468,2.4,3.301,3.175
0.221,1.039,0.294,0.298,0.298,0.298,0.298,0.295,1.304,2.483,0.537,0.561,0.59,0.589,0.591,0.592,0.595,2.721,3.011,1.079,1.238,1.247,1.246,1.248,1.256,1.262,2.199,2.483,2.485,2.127,4.355,2.499,2.501,2.229,2.728,3.299
0.22,0.887,0.295,0.299,0.298,0.233,0.298,0.297,1.303,2.198,0.594,0.594,0.592,0.59,0.494,0.591,0.597,3.046,3.297,1.263,1.252,1.16,1.248,1.111,1.255,1.066,2.483,2.352,1.939,1.984,4.757,2.499,2.5,2.515,3.301,3.183
0.217,1.038,0.294,0.299,0.276,0.289,0.298,0.295,1.302,2.483,0.511,0.593,0.501,0.589,0.591,0.593,0.595,3.206,3.176,1.043,1.253,1.247,1.112,1.248,1.254,1.261,2.483,2.483,2.201,2.126,4.356,2.497,2.372,2.228,2.905,2.763
0.218,1.037,0.295,0.299,0.298,0.299,0.232,0.297,1.303,2.241,0.594,0.594,0.592,0.59,0.53,0.591,0.596,3.084,3.297,1.073,1.253,1.075,0.97,1.147,1.254,1.262,2.286,2.482,2.243,2.511,4.641,2.498,2.226,2.134,3.299,3.234
0.216,1.037,0.23,0.299,0.278,0.299,0.298,0.297,1.301,2.484,0.593,0.594,0.503,0.589,0.592,0.461,0.535,2.957,3.295,1.229,1.253,1.23,1.246,1.248,1.255,1.261,2.198,2.482,2.401,2.513,4.626,2.498,2.501,1.999,3.299,3.01
0.215,1.033,0.295,0.299,0.298,0.299,0.298,0.297,1.303,2.279,0.594,0.579,0.46,0.59,0.555,0.591,0.596,3.293,3.295,1.263,1.253,1.247,0.983,1.188,1.255,1.235,2.169,2.456,2.203,2.27,4.773,2.497,2.5,2.51,3.3,3.214
0.212,0.8,0.23,0.299,0.298,0.299,0.298,0.297,1.302,2.484,0.593,0.594,0.59,0.59,0.592,0.593,0.595,3.292,3.297,1.263,1.253,1.25,1.136,1.248,1.254,1.262,2.484,2.483,2.488,2.226,4.629,2.498,2.124,2.305,2.728,3.083
0.214,0.95,0.294,0.298,0.298,0.299,0.298,0.297,1.303,2.484,0.594,0.592,0.592,0.589,0.59,0.587,0.597,2.878,3.012,1.263,1.252,1.12,1.001,1.227,1.254,1.263,2.21,2.482,2.487,2.511,4.355,2.498,2.502,2.453,3.015,3.235
0.19,1.022,0.295,0.233,0.298,0.299,0.298,0.297,1.302,2.483,0.593,0.594,0.523,0.59,0.591,0.593,0.595,3.008,3.013,1.264,1.187,1.249,1.246,1.247,1.254,1.261,2.484,2.483,2.432,2.427,4.625,2.5,2.216,2.315,3.187,3.01
0.21,0.838,0.269,0.276,0.296,0.299,0.298,0.297,1.289,2.483,0.594,0.593,0.59,0.589,0.591,0.593,0.596,3.233,3.194,1.143,1.253,1.249,1.012,1.248,1.254,1.262,2.249,1.981,2.012,2.506,4.77,2.499,2.032,2.457,3.302,3.296
0.208,1.014,0.295,0.301,0.298,0.299,0.298,0.297,1.05,2.485,0.594,0.594,0.547,0.59,0.59,0.591,0.597,3.061,3.298,1.263,1.253,1.247,1.056,1.055,1.173,1.261,2.483,2.482,2.486,2.284,4.633,2.498,2.254,2.318,3.301,3.298
0.207,1.012,0.295,0.301,0.232,0.299,0.241,0.297,1.304,2.484,0.594,0.592,0.459,0.589,0.59,0.593,0.595,3.006,2.726,1.166,1.084,1.06,1.018,1.048,1.039,1.261,2.483,2.483,2.485,2.506,4.495,2.41,2.504,2.512,3.305,2.725
0.206,0.868,0.295,0.301,0.298,0.299,0.298,0.297,1.304,2.22,0.594,0.594,0.589,0.59,0.517,0.565,0.596,3.293,2.811,1.032,1.235,1.247,1.247,0.997,1.189,1.261,2.179,2.221,2.475,2.219,4.65,2.279,2.506,2.327,3.301,2.855
0.203,1.01,0.295,0.299,0.298,0.299,0.297,0.297,1.094,2.483,0.47,0.547,0.59,0.589,0.591,0.593,0.508,3.29,2.964,1.263,1.105,1.247,1.247,1.249,1.056,1.108,2.346,2.34,2.487,2.378,4.358,2.212,2.504,2.274,3.301,3.296
0.201,1.007,0.294,0.299,0.232,0.299,0.232,0.297,1.093,2.484,0.462,0.594,0.575,0.59,0.59,0.495,0.464,3.293,3.297,1.046,1.252,1.247,1.055,0.985,1.214,1.261,2.197,2.198,2.483,2.503,4.358,2.212,2.25,2.511,3.294,3.135
0.2,1.009,0.295,0.299,0.299,0.299,0.297,0.253,1.304,2.197,0.493,0.592,0.59,0.589,0.592,0.593,0.528,2.974,3.153,1.263,1.253,1.247,1.246,1.152,1.254,1.082,2.483,2.482,2.486,2.503,4.357,2.496,2.218,2.49,2.729,3.299
0.198,0.937,0.296,0.299,0.298,0.299,0.298,0.297,1.304,2.198,0.594,0.594,0.59,0.59,0.59,0.591,0.596,2.84,3.01,1.263,1.009,1.248,1.246,1.248,1.255,1.041,2.484,2.483,2.204,2.504,4.413,2.495,2.502,2.514,3.026,3.179
0.196,0.815,0.295,0.299,0.299,0.298,0.272,0.295,1.304,2.434,0.593,0.594,0.592,0.59,0.591,0.462,0.502,3.291,3.011,1.263,1.059,1.249,1.039,1.248,1.255,1.204,2.279,2.455,2.201,2.506,4.568,2.21,2.216,2.514,3.3,3.3
0.197,1.102,0.295,0.298,0.298,0.299,0.232,0.297,1.168,2.198,0.594,0.574,0.592,0.589,0.591,0.593,0.597,3.292,2.877,1.089,1.034,1.248,1.246,1.248,1.255,1.261,2.484,2.483,2.486,2.506,4.643,2.496,2.3,2.229,3.3,2.904
0.195,1.086,0.23,0.299,0.299,0.298,0.262,0.289,1.302,2.484,0.527,0.594,0.464,0.59,0.481,0.594,0.595,3.01,2.745,1.263,1.253,1.24,1.045,1.248,1.255,1.261,2.198,2.483,2.485,2.508,4.358,1.989,2.461,2.514,2.905,2.765
0.196,1.034,0.295,0.298,0.299,0.299,0.298,0.297,1.173,2.043,0.594,0.592,0.592,0.565,0.459,0.541,0.596,3.293,3.182,1.263,1.061,1.247,1.19,1.248,1.198,1.262,2.484,2.482,2.485,2.438,4.732,2.495,2.047,2.512,3.301,3.235
0.194,1.034,0.271,0.299,0.299,0.298,0.297,0.296,1.303,2.484,0.592,0.463,0.476,0.59,0.589,0.594,0.596,3.036,3.296,1.264,1.012,1.247,1.052,1.248,1.255,1.262,2.199,2.482,2.482,2.465,4.361,2.025,2.5,2.251,3.301,3.296
0.194,0.945,0.295,0.299,0.299,0.299,0.298,0.297,1.204,2.198,0.594,0.594,0.592,0.589,0.59,0.593,0.488,3.293,3.234,1.134,1.253,1.13,1.2,1.248,1.255,1.261,2.484,2.432,2.197,2.508,4.749,2.474,2.354,2.226,3.304,3.211
0.151,0.978,0.289,0.299,0.299,0.269,0.244,0.295,1.071,2.482,0.592,0.595,0.59,0.59,0.588,0.594,0.596,3.059,3.09,1.002,1.247,1.247,1.061,1.044,1.255,1.262,1.934,2.481,2.483,2.509,4.904,2.347,2.219,2.513,3.016,3.297
0.194,0.987,0.295,0.299,0.232,0.299,0.298,0.297,1.304,2.374,0.594,0.594,0.592,0.53,0.59,0.593,0.595,2.723,2.917,1.262,1.252,1.247,1.246,1.213,1.122,1.261,2.091,2.484,2.482,2.509,4.489,2.229,2.368,2.511,3.302,3.22
0.193,0.987,0.23,0.299,0.271,0.298,0.297,0.292,1.091,2.482,0.594,0.595,0.518,0.59,0.589,0.594,0.596,2.794,3.297,1.261,0.983,1.174,1.148,1.248,0.978,1.262,2.245,2.483,2.115,2.509,4.927,2.322,2.503,2.512,2.951,3.296
0.19,1.073,0.295,0.299,0.298,0.299,0.298,0.297,1.304,2.284,0.592,0.595,0.591,0.589,0.462,0.591,0.595,3.242,2.724,1.262,1.253,1.247,1.246,1.25,1.096,1.261,2.483,2.25,2.198,2.222,4.508,2.495,2.503,2.161,3.302,2.957
0.19,0.948,0.23,0.298,0.297,0.291,0.296,0.297,1.303,2.197,0.594,0.463,0.59,0.59,0.59,0.593,0.596,3.295,3.012,1.262,1.016,1.248,1.246,1.125,1.255,1.26,2.28,2.483,2.484,1.967,4.406,2.281,2.503,2.443,3.301,3.298
0.191,1.072,0.242,0.299,0.298,0.299,0.298,0.297,1.303,2.483,0.592,0.595,0.591,0.589,0.588,0.591,0.516,2.984,2.937,1.263,1.251,1.249,1.246,1.248,1.166,1.261,2.438,2.299,2.484,2.41,4.357,2.497,2.379,2.457,3.303,3.296
0.189,0.977,0.295,0.298,0.298,0.299,0.298,0.297,1.303,2.483,0.594,0.594,0.59,0.59,0.59,0.593,0.596,3.008,3.298,1.263,1.251,1.248,1.246,1.054,1.254,1.183,2.483,2.198,2.484,2.509,4.402,2.497,2.502,2.319,3.3,3.119
0.189,1.043,0.294,0.299,0.298,0.299,0.298,0.231,1.303,2.484,0.592,0.595,0.592,0.589,0.544,0.591,0.595,3.295,2.963,0.992,1.195,1.249,1.246,1.248,1.254,1.261,2.484,2.482,1.997,2.224,4.643,2.211,2.394,2.227,3.302,3.012
0.188,1.058,0.23,0.299,0.298,0.299,0.298,0.297,1.303,2.198,0.594,0.594,0.59,0.59,0.59,0.593,0.597,2.722,3.299,1.129,1.253,1.109,1.029,1.248,1.254,1.261,2.351,2.482,2.201,2.29,4.688,2.498,2.216,2.421,3.287,3.015
0.187,0.992,0.294,0.299,0.298,0.299,0.232,0.297,1.282,1.959,0.593,0.595,0.592,0.59,0.589,0.468,0.596,3.036,2.728,1.263,1.217,1.247,1.034,1.248,1.235,1.261,2.484,2.482,2.486,2.224,4.853,2.399,2.411,2.513,3.138,2.727
0.153,0.992,0.296,0.299,0.298,0.3,0.298,0.297,1.147,2.484,0.462,0.592,0.591,0.589,0.459,0.593,0.595,2.721,3.3,1.087,1.136,1.247,1.247,1.248,1.254,1.261,2.318,2.001,2.446,2.296,4.707,1.993,2.501,2.514,3.302,2.725
0.186,0.992,0.296,0.299,0.298,0.299,0.298,0.297,1.302,2.275,0.593,0.594,0.59,0.59,0.59,0.593,0.596,3.293,3.012,1.263,1.252,0.995,1.246,1.248,1.254,1.262,2.254,2.197,2.032,2.509,4.85,2.499,2.427,2.228,3.138,3.298
0.186,0.993,0.295,0.299,0.298,0.299,0.298,0.297,1.304,2.484,0.595,0.593,0.591,0.589,0.588,0.475,0.595,2.721,2.857,1.263,1.253,1.247,1.246,1.248,1.13,1.26,2.409,2.483,2.488,2.511,4.353,2.498,2.5,2.515,3.302,3.177
0.186,0.992,0.295,0.298,0.242,0.299,0.298,0.231,1.304,2.484,0.593,0.594,0.59,0.59,0.59,0.593,0.597,3.009,3.01,1.263,1.252,1.247,1.246,1.17,1.008,1.182,2.482,2.484,2.202,2.225,4.352,2.237,2.499,2.23,3.202,2.766
0.186,0.772,0.297,0.299,0.298,0.299,0.298,0.297,1.179,2.483,0.594,0.593,0.592,0.496,0.536,0.591,0.511,3.129,3.296,1.221,1.252,1.247,1.089,1.248,1.254,1.26,2.484,2.483,2.489,2.511,4.725,2.501,2.5,5.755,3.076,2.723
2.106,1.033,0.297,0.298,0.262,0.299,0.298,0.297,1.271,2.483,0.593,0.594,0.528,0.59,0.459,0.593,0.596,2.723,3.296,1.263,1.252,1.046,1.243,1.248,1.042,1.26,2.32,2.483,2.488,2.51,4.353,2.498,2.261,6.068,3.302,3.009
0.186,0.848,0.295,0.299,0.298,0.299,0.298,0.297,1.304,2.485,0.594,0.593,0.592,0.589,0.589,0.591,0.595,3.095,2.884,1.254,1.253,1.247,1.246,1.248,1.254,1.259,2.484,2.134,2.237,2.509,4.353,2.406,2.052,5.757,3.094,2.954
0.186,0.868,0.295,0.299,0.297,0.299,0.298,0.231,1.304,2.372,0.592,0.594,0.553,0.59,0.59,0.594,0.596,3.293,3.299,1.263,1.252,1.247,1.237,0.971,1.254,1.262,2.197,2.007,2.391,2.472,4.353,2.498,2.5,2.227,2.957,3.295
0.145,1.063,0.294,0.299,0.298,0.299,0.298,0.297,1.304,1.959,0.594,0.593,0.592,0.589,0.589,0.593,0.596,3.296,2.726,1.263,0.988,1.24,1.247,1.248,1.0,1.26,2.208,2.164,2.261,2.407,4.458,2.21,2.355,2.513,3.303,2.723
0.184,1.024,0.295,0.299,0.298,0.255,0.298,0.231,1.084,2.399,0.594,0.594,0.59,0.59,0.59,0.594,0.563,2.725,3.298,1.263,1.253,1.11,1.247,1.248,1.255,1.226,2.483,2.483,2.486,2.508,4.426,2.389,2.502,2.511,3.261,3.146
0.185,0.992,0.23,0.299,0.298,0.299,0.232,0.297,1.304,2.198,0.474,0.592,0.591,0.535,0.59,0.593,0.596,3.296,3.156,1.03,1.252,1.248,1.247,1.248,1.255,1.262,1.938,2.477,2.426,2.509,4.485,2.498,2.5,2.51,3.302,2.741
