0.25m_-40deg,0.25m_-30deg,0.25m_-20deg,0.25m_-10deg,0.25m_0deg,0.25m_10deg,0.25m_20deg,0.25m_30deg,0.25m_40deg,0.5m_40deg,0.5m_30deg,0.5m_20deg,0.5m_10deg,0.5m_0deg,0.5m_-10deg,0.5m_-20deg,0.5m_-30deg,0.5m_-40deg,1m_-40deg,1m_-30deg,1m_-20deg,1m_-10deg,1m_0deg,1m_10deg,1m_20deg,1m_30deg,1m_40deg,2m_40deg,2m_30deg,2m_20deg,2m_10deg,2m_0deg,2m_-10deg,2m_-20deg,2m_-30deg,2m_-40deg
0.52,0.3,0.36,0.34,0.26,0.36,0.35,0.52,2.56,0.71,0.68,0.67,0.62,0.65,0.67,0.67,0.68,0.68,1.51,1.48,1.48,1.46,1.45,1.39,1.48,1.52,1.46,2.54,2.56,2.55,2.87,2.87,2.87,2.95,2.78,2.44
0.52,0.3,0.27,0.34,0.34,0.29,0.35,0.52,2.56,0.71,0.68,0.67,0.67,0.67,0.67,0.67,0.68,0.7,1.51,1.48,1.48,1.46,1.45,1.45,1.44,1.51,1.46,2.54,2.56,2.62,2.87,2.85,2.85,2.87,2.78,2.39
0.52,0.3,0.34,0.26,0.34,0.29,0.4,0.52,2.56,0.71,0.68,0.67,0.67,0.67,0.67,0.67,0.68,0.66,1.51,1.48,1.48,1.46,1.45,1.45,1.48,1.49,1.46,2.54,2.56,2.87,2.87,2.85,2.85,2.87,2.78,2.45
0.52,0.3,0.34,0.34,0.27,0.29,0.35,0.52,2.56,0.69,0.68,0.62,0.67,0.67,0.67,0.67,0.68,0.65,1.51,1.48,1.44,1.46,1.45,1.45,1.44,1.51,1.46,2.54,2.56,2.87,2.87,2.87,2.85,2.87,2.78,2.45
0.52,0.3,0.28,0.26,0.26,0.29,0.35,0.44,2.56,0.71,0.68,0.67,0.67,0.65,0.67,0.67,0.68,0.65,1.51,1.48,1.48,1.46,1.45,1.45,1.48,1.51,1.46,2.54,2.56,2.87,2.87,2.85,2.85,2.87,2.89,2.45
0.52,0.3,0.28,0.34,0.26,0.29,0.35,0.52,2.56,0.71,0.68,0.67,0.67,0.65,0.67,0.67,0.68,0.68,1.49,1.48,1.48,1.46,1.45,1.45,1.48,1.51,1.46,2.54,2.56,2.87,2.85,2.85,2.87,2.87,2.78,2.44
0.52,0.3,0.34,0.26,0.34,0.29,0.35,0.52,2.56,0.69,0.68,0.67,0.67,0.67,0.67,0.67,0.68,0.68,1.49,1.48,1.48,1.46,1.45,1.45,1.48,1.52,1.46,2.54,2.54,2.87,2.87,2.87,2.85,2.87,2.78,2.44
0.52,0.3,0.34,0.26,0.26,0.29,0.33,0.52,2.56,0.71,0.68,0.67,0.67,0.67,0.67,0.67,0.68,0.68,1.51,1.48,1.48,1.46,1.45,1.45,1.44,1.51,1.57,2.54,2.56,2.95,2.87,2.85,2.87,2.87,2.89,2.38
0.52,0.3,0.34,0.34,0.27,0.29,0.33,0.52,2.56,0.69,0.64,0.67,0.67,0.62,0.62,0.67,0.68,0.68,1.51,1.48,1.45,1.46,1.45,1.4,1.48,1.51,1.57,2.54,2.56,2.87,2.87,2.87,2.85,2.87,2.78,2.45
0.52,0.3,0.27,0.26,0.34,0.36,0.33,0.52,2.56,0.69,0.68,0.67,0.67,0.67,0.67,0.67,0.68,0.68,1.51,1.48,1.45,1.46,1.45,1.43,1.48,1.51,1.46,2.54,2.56,2.87,2.87,2.87,2.85,2.87,2.78,2.45
0.52,0.3,0.34,0.34,0.27,0.29,0.33,0.52,2.56,0.69,0.68,0.67,0.67,0.67,0.67,0.67,0.68,0.68,1.51,1.48,1.48,1.46,1.4,1.43,1.48,1.51,1.46,2.54,2.56,2.55,2.87,2.85,2.85,2.87,2.76,2.45
0.52,0.3,0.36,0.26,0.27,0.29,0.33,0.52,2.56,0.71,0.68,0.67,0.67,0.67,0.67,0.63,0.68,0.65,1.51,1.48,1.48,1.46,1.45,1.38,1.48,1.52,1.46,2.54,2.56,2.87,2.87,2.87,2.85,2.87,2.87,2.38
0.52,0.37,0.34,0.26,0.34,0.29,0.33,0.52,2.56,0.69,0.68,0.67,0.67,0.67,0.67,0.67,0.68,0.7,1.52,1.48,1.48,1.46,1.45,1.45,1.48,1.51,1.46,2.54,2.56,2.87,2.87,2.87,2.93,2.87,2.87,2.45
0.52,0.37,0.27,0.34,0.26,0.29,0.33,0.44,2.56,0.71,0.68,0.67,0.62,0.67,0.67,0.67,0.68,0.68,1.51,1.48,1.49,1.46,1.45,1.43,1.48,1.51,1.46,2.54,2.56,2.87,2.87,2.87,2.85,2.95,2.89,2.45
0.52,0.3,0.27,0.26,0.34,0.29,0.33,0.52,2.56,0.71,0.68,0.67,0.67,0.67,0.67,0.67,0.68,0.68,1.52,1.48,1.49,1.46,1.45,1.43,1.44,1.52,1.46,2.54,2.56,2.87,2.87,2.87,2.85,2.87,2.76,2.45
0.52,0.3,0.34,0.26,0.34,0.36,0.33,0.52,2.56,0.71,0.68,0.67,0.67,0.67,0.67,0.67,0.68,0.68,1.51,1.48,1.49,1.46,1.45,1.43,1.48,1.51,1.46,2.54,2.56,2.53,2.87,2.87,2.87,2.87,2.89,2.45
0.52,0.3,0.27,0.34,0.26,0.29,0.38,0.52,2.56,0.69,0.68,0.62,0.67,0.67,0.67,0.67,0.68,0.68,1.51,1.48,1.49,1.46,1.45,1.38,1.44,1.49,1.46,2.54,2.56,2.62,2.87,2.87,2.87,2.87,2.89,2.45
0.52,0.3,0.28,0.26,0.34,0.29,0.33,0.44,2.56,0.71,0.68,0.67,0.67,0.67,0.67,0.67,0.68,0.65,1.51,1.48,1.49,1.46,1.45,1.43,1.48,1.49,1.46,2.54,2.56,2.57,2.87,2.85,2.87,2.87,2.89,2.45
0.52,0.3,0.27,0.34,0.26,0.29,0.33,1.13,2.56,0.71,0.68,0.67,0.67,0.67,0.67,0.67,0.64,0.7,1.49,1.48,1.51,1.46,1.45,1.43,1.48,1.51,1.46,2.54,2.56,2.55,2.87,2.95,2.85,2.87,2.73,2.44
0.52,0.3,0.34,0.26,0.34,0.29,0.33,1.13,2.56,0.71,0.68,0.67,0.67,0.67,0.67,0.67,0.68,0.68,1.49,1.48,1.51,1.46,1.45,1.43,1.48,1.51,1.46,2.54,2.54,2.87,2.87,2.85,2.87,2.87,2.78,2.45
0.52,0.3,0.34,0.26,0.26,0.29,0.33,1.13,2.56,0.71,0.68,0.67,0.67,0.67,0.67,0.67,0.68,0.68,1.51,1.48,1.51,1.46,1.45,1.43,1.44,1.51,1.57,2.54,2.56,2.55,2.87,2.87,2.85,2.87,2.89,2.45
0.52,0.3,0.34,0.34,0.26,0.29,0.33,1.13,2.56,0.69,0.68,0.67,0.67,0.62,0.62,0.67,0.68,0.68,1.51,1.48,1.51,1.46,1.45,1.38,1.48,1.52,1.57,2.54,2.56,2.55,2.87,2.85,2.87,2.87,2.78,2.44
0.52,0.3,0.27,0.26,0.34,0.36,0.33,1.13,2.56,0.69,0.68,0.67,0.67,0.67,0.67,0.67,0.68,0.7,1.51,1.48,1.51,1.46,1.45,1.43,1.48,1.51,1.46,2.54,2.56,2.55,2.87,2.85,2.85,2.87,2.78,2.45
0.52,0.3,0.34,0.34,0.27,0.29,0.33,1.13,2.56,0.69,0.68,0.67,0.67,0.67,0.67,0.67,0.68,0.68,1.51,1.48,1.51,1.46,1.4,1.43,1.48,1.49,1.46,2.56,2.56,2.87,2.87,2.85,2.85,2.87,2.76,2.45
0.52,0.3,0.36,0.26,0.26,0.29,0.33,1.13,2.56,0.71,0.65,0.67,0.67,0.67,0.67,0.63,0.68,0.66,1.51,1.48,1.49,1.46,1.45,1.38,1.48,1.49,1.46,2.56,2.56,2.87,2.87,2.85,2.87,2.87,2.89,2.38
0.52,0.37,0.34,0.26,0.34,0.36,0.33,1.13,2.56,0.69,0.68,0.67,0.67,0.67,0.67,0.67,0.68,0.66,1.51,1.48,1.51,1.46,1.45,1.43,1.48,1.52,1.46,2.54,2.56,2.95,2.87,2.87,2.87,2.87,2.89,2.45
0.52,0.37,0.34,0.34,0.27,0.29,0.38,1.13,2.56,0.71,0.68,0.67,0.62,0.67,0.67,0.67,0.68,0.68,1.51,1.48,1.51,1.46,1.45,1.43,1.48,1.52,1.46,2.54,2.56,2.87,2.87,2.85,2.85,2.95,2.76,2.45
0.52,0.3,0.27,0.26,0.34,0.29,0.33,1.13,2.56,0.71,0.68,0.67,0.67,0.67,0.67,0.67,0.68,0.7,1.51,1.48,1.51,1.46,1.45,1.43,1.44,1.51,1.46,2.56,2.56,2.87,2.87,2.85,2.85,2.87,2.76,2.45
0.52,0.3,0.36,0.26,0.34,0.29,0.33,1.13,2.56,0.71,0.68,0.67,0.67,0.67,0.67,0.67,0.68,0.66,1.51,1.48,1.49,1.46,1.45,1.43,1.48,1.49,1.46,2.54,2.56,2.87,2.87,2.85,2.87,2.87,2.89,2.45
0.52,0.3,0.34,0.34,0.26,0.29,0.38,1.13,2.56,0.69,0.68,0.67,0.67,0.67,0.67,0.67,0.68,0.65,1.51,1.48,1.51,1.46,1.45,1.43,1.44,1.49,1.46,2.54,2.56,2.55,2.87,2.85,2.87,2.87,2.89,2.45
0.52,0.3,0.27,0.26,0.34,0.29,0.33,1.13,2.56,0.69,0.68,0.67,0.67,0.67,0.67,0.67,0.68,0.66,1.51,1.48,1.49,1.46,1.45,1.43,1.48,1.49,1.46,2.54,2.56,2.57,2.87,2.87,2.87,2.87,2.86,2.45
0.52,0.3,0.27,0.34,0.27,0.29,0.33,1.13,2.56,0.71,0.68,0.67,0.67,0.67,0.67,0.67,0.64,0.68,1.49,1.48,1.51,1.46,1.45,1.43,1.48,1.51,1.46,2.56,2.56,2.55,2.87,2.87,2.87,2.87,2.78,2.45
0.52,0.3,0.34,0.26,0.34,0.29,0.33,1.13,2.56,0.71,0.68,0.67,0.67,0.67,0.67,0.67,0.68,0.7,1.49,1.48,1.51,1.46,1.45,1.43,1.48,1.51,1.46,2.54,2.54,2.63,2.87,2.85,2.87,2.87,2.78,2.39
0.52,0.3,0.34,0.26,0.26,0.29,0.33,2.6,2.56,0.71,0.64,0.67,0.67,0.67,0.67,0.67,0.68,0.7,1.52,1.48,1.51,1.46,1.45,1.43,1.44,1.52,1.57,2.56,2.56,2.65,2.87,2.85,2.87,2.87,2.87,2.37
0.52,0.3,0.34,0.34,0.26,0.29,0.33,2.6,2.56,0.71,0.68,0.67,0.67,0.62,0.62,0.67,0.68,0.66,1.51,1.48,1.51,1.46,1.45,1.38,1.48,1.52,1.57,2.56,2.56,2.65,2.87,2.85,2.87,2.87,2.89,2.45
0.52,0.3,0.27,0.26,0.34,0.36,0.33,2.6,2.56,0.69,0.68,0.67,0.67,0.67,0.67,0.67,0.68,0.68,1.51,1.48,1.51,1.46,1.45,1.43,1.48,1.51,1.46,2.54,2.56,2.62,2.87,2.85,2.87,2.87,2.78,2.45
0.52,0.3,0.34,0.34,0.26,0.29,0.33,1.58,2.56,0.69,0.68,0.67,0.67,0.67,0.67,0.67,0.68,0.7,1.51,1.48,1.51,1.46,1.4,1.43,1.48,1.49,1.46,2.56,2.56,2.63,2.87,2.85,2.87,2.87,2.78,2.44
0.52,0.3,0.34,0.26,0.26,0.29,0.33,0.52,2.56,0.71,0.68,0.67,0.67,0.67,0.67,0.62,0.68,0.68,1.51,1.48,1.49,1.46,1.45,1.38,1.44,1.49,1.46,2.56,2.56,2.63,2.87,2.85,2.87,2.87,2.89,2.44
0.52,0.37,0.36,0.26,0.27,0.36,0.33,1.13,2.56,0.69,0.68,0.67,0.67,0.67,0.67,0.67,0.68,0.68,1.51,1.48,1.51,1.46,1.45,1.43,1.48,1.52,1.46,2.56,2.56,2.63,2.87,2.85,2.87,2.87,2.76,2.45
0.52,0.37,0.28,0.34,0.26,0.29,0.33,0.52,2.56,0.71,0.68,0.67,0.62,0.67,0.67,0.67,0.68,0.7,1.51,1.48,1.51,1.46,1.45,1.43,1.48,1.51,1.46,2.56,2.56,2.55,2.87,2.85,2.87,2.95,2.87,2.44
0.52,0.3,0.27,0.34,0.34,0.29,0.33,1.15,2.56,0.71,0.68,0.67,0.67,0.67,0.67,0.67,0.68,0.68,1.51,1.48,1.51,1.46,1.45,1.43,1.44,1.52,1.46,2.56,2.56,2.53,2.87,2.85,2.95,2.87,2.87,2.37
0.52,0.3,0.34,0.26,0.34,0.36,0.33,0.52,2.56,0.71,0.68,0.67,0.67,0.67,0.67,0.67,0.68,0.68,1.51,1.48,1.49,1.46,1.45,1.43,1.48,1.49,1.46,2.56,2.56,2.87,2.87,2.87,2.85,2.87,2.89,2.45
0.52,0.3,0.27,0.34,0.26,0.29,0.38,0.52,2.56,0.69,0.68,0.62,0.67,0.67,0.67,0.67,0.68,0.7,1.51,1.48,1.51,1.46,1.45,1.38,1.44,1.52,1.46,2.56,2.56,2.55,2.87,2.87,2.87,2.87,2.78,2.45
0.52,0.3,0.27,0.26,0.34,0.29,0.33,0.52,2.56,0.69,0.68,0.67,0.67,0.67,0.67,0.67,0.68,0.66,1.51,1.48,1.51,1.46,1.45,1.43,1.48,1.52,1.46,2.56,2.56,2.62,2.87,2.85,2.87,2.87,2.89,2.44
0.52,0.3,0.27,0.34,0.26,0.29,0.33,0.52,2.56,0.71,0.68,0.67,0.67,0.67,0.67,0.67,0.64,0.68,1.49,1.48,1.51,1.46,1.45,1.43,1.48,1.51,1.46,2.56,2.56,2.65,2.87,2.93,2.87,2.87,2.78,2.45
0.52,0.3,0.34,0.26,0.34,0.29,0.33,0.52,2.56,0.71,0.68,0.67,0.67,0.67,0.67,0.67,0.68,0.68,1.49,1.48,1.51,1.46,1.45,1.43,1.48,1.51,1.46,2.56,2.54,2.63,2.87,2.87,2.87,2.87,2.78,2.39
0.52,0.3,0.36,0.26,0.26,0.29,0.33,0.48,2.56,0.71,0.64,0.67,0.67,0.67,0.67,0.67,0.68,0.68,1.51,1.48,1.51,1.46,1.45,1.43,1.44,1.52,1.57,2.56,2.56,2.54,2.87,2.87,2.87,2.87,2.89,2.45
0.52,0.3,0.27,0.34,0.26,0.29,0.33,0.52,2.56,0.69,0.68,0.67,0.67,0.62,0.62,0.67,0.68,0.68,1.51,1.48,1.51,1.46,1.45,1.38,1.48,1.51,1.57,2.56,2.56,2.62,2.87,2.87,2.87,2.87,2.78,2.45
0.52,0.3,0.27,0.26,0.34,0.36,0.33,0.45,2.56,0.69,0.68,0.67,0.67,0.67,0.67,0.67,0.68,0.7,1.51,1.48,1.51,1.46,1.45,1.43,1.48,1.51,1.46,2.56,2.56,2.53,2.87,2.87,2.87,2.87,2.77,2.45
0.52,0.3,0.34,0.34,0.26,0.29,0.33,1.18,2.56,0.69,0.68,0.67,0.67,0.67,0.67,0.67,0.68,0.68,1.51,1.48,1.51,1.46,1.4,1.43,1.48,1.49,1.46,2.56,2.56,2.63,2.87,2.87,2.87,2.87,2.76,2.38
0.52,0.3,0.34,0.26,0.27,0.29,0.33,1.18,2.56,0.71,0.68,0.67,0.67,0.67,0.67,0.62,0.68,0.65,1.51,1.48,1.49,1.46,1.45,1.38,1.48,1.49,1.46,2.56,2.56,2.63,2.87,2.87,2.87,2.87,2.89,2.38
0.52,0.3,0.34,0.26,0.34,0.36,0.33,0.52,2.56,0.69,0.68,0.67,0.67,0.62,0.67,0.67,0.68,0.7,1.51,1.48,1.51,1.46,1.45,1.43,1.48,1.51,1.46,2.56,2.56,2.62,2.87,2.87,2.87,2.87,2.78,2.45
0.52,0.37,0.34,0.34,0.26,0.29,0.33,1.19,2.56,0.71,0.68,0.67,0.62,0.67,0.67,0.67,0.68,0.68,1.51,1.48,1.51,1.46,1.45,1.43,1.48,1.51,1.46,2.56,2.56,2.53,2.87,2.85,2.87,2.95,2.78,2.45
0.52,0.3,0.27,0.26,0.34,0.29,0.33,1.15,2.56,0.71,0.68,0.67,0.67,0.67,0.67,0.67,0.68,0.68,1.51,1.48,1.51,1.46,1.45,1.43,1.44,1.52,1.46,2.56,2.56,2.65,2.87,2.87,2.93,2.87,2.78,2.45
0.52,0.3,0.34,0.26,0.34,0.36,0.33,1.21,2.56,0.71,0.68,0.67,0.67,0.67,0.67,0.67,0.68,0.7,1.51,1.48,1.49,1.46,1.45,1.43,1.48,1.49,1.46,2.56,2.56,2.63,2.87,2.87,2.87,2.87,2.78,2.45
0.52,0.3,0.34,0.34,0.26,0.29,0.38,0.92,2.56,0.69,0.68,0.67,0.67,0.67,0.67,0.67,0.68,0.65,1.51,1.48,1.51,1.46,1.45,1.43,1.44,1.49,1.46,2.56,2.56,2.63,2.87,2.85,2.85,2.87,2.78,2.45
0.52,0.3,0.28,0.26,0.34,0.29,0.33,0.9,2.56,0.69,0.68,0.67,0.67,0.67,0.67,0.67,0.68,0.65,1.51,1.48,1.51,1.46,1.45,1.43,1.48,1.49,1.46,2.56,2.56,2.54,2.87,2.87,2.85,2.89,2.89,2.45
0.52,0.3,0.27,0.34,0.26,0.29,0.33,0.94,2.56,0.71,0.68,0.67,0.67,0.67,0.67,0.67,0.64,0.7,1.49,1.48,1.51,1.46,1.45,1.45,1.48,1.52,1.46,2.56,2.56,2.56,2.87,2.85,2.87,2.89,2.78,2.45
0.52,0.3,0.34,0.34,0.34,0.29,0.33,0.98,2.56,0.71,0.68,0.67,0.67,0.67,0.67,0.67,0.68,0.68,1.51,1.48,1.51,1.46,1.45,1.45,1.48,1.51,1.46,2.56,2.54,2.63,2.87,2.87,2.87,2.9,2.78,2.38
0.52,0.3,0.34,0.26,0.26,0.29,0.33,1.22,2.56,0.71,0.64,0.67,0.67,0.67,0.67,0.67,0.68,0.7,1.51,1.48,1.51,1.46,1.45,1.45,1.44,1.51,1.57,2.56,2.56,2.62,2.87,2.87,2.87,2.9,2.86,2.38
0.52,0.3,0.34,0.34,0.26,0.29,0.33,0.82,2.56,0.69,0.68,0.67,0.67,0.62,0.62,0.67,0.68,0.65,1.51,1.48,1.51,1.46,1.45,1.4,1.48,1.51,1.57,2.56,2.56,2.62,2.87,2.85,2.87,2.98,2.86,2.45
0.52,0.3,0.27,0.26,0.34,0.36,0.33,1.07,2.56,0.71,0.68,0.67,0.67,0.67,0.67,0.67,0.68,0.68,1.51,1.48,1.51,1.46,1.45,1.45,1.48,1.51,1.46,2.56,2.56,2.53,2.87,2.87,2.87,2.93,2.78,2.44
0.52,0.3,0.36,0.34,0.26,0.29,0.33,1.09,2.56,0.69,0.68,0.67,0.67,0.67,0.67,0.67,0.68,0.7,1.51,1.48,1.51,1.46,1.4,1.45,1.48,1.51,1.46,2.56,2.56,2.63,2.87,2.87,2.85,2.91,2.78,2.45
0.52,0.3,0.27,0.26,0.27,0.29,0.33,1.06,2.56,0.71,0.68,0.67,0.67,0.67,0.67,0.62,0.68,0.68,1.51,1.48,1.49,1.46,1.45,1.4,1.48,1.51,1.46,2.56,2.56,2.62,2.87,2.87,2.87,2.91,2.89,2.37
0.52,0.37,0.34,0.26,0.34,0.36,0.33,1.12,2.56,0.69,0.68,0.67,0.67,0.67,0.67,0.67,0.68,0.7,1.51,1.48,1.51,1.46,1.45,1.45,1.48,1.51,1.46,2.56,2.56,2.62,2.87,2.87,2.85,2.87,2.87,2.44
0.52,0.3,0.34,0.34,0.26,0.29,0.33,1.13,2.56,0.71,0.68,0.67,0.62,0.67,0.67,0.67,0.68,0.7,1.51,1.48,1.51,1.46,1.45,1.45,1.48,1.51,1.46,2.56,2.56,2.63,2.87,2.85,2.87,2.93,2.87,2.45
0.52,0.3,0.34,0.34,0.34,0.29,0.33,1.16,2.56,0.71,0.68,0.67,0.67,0.67,0.67,0.67,0.68,0.68,1.51,1.48,1.51,1.46,1.45,1.45,1.44,1.51,1.46,2.56,2.56,2.58,2.87,2.87,2.95,2.91,2.76,2.45
0.52,0.3,0.36,0.26,0.34,0.29,0.33,1.12,2.56,0.71,0.68,0.67,0.67,0.67,0.67,0.67,0.68,0.7,1.51,1.48,1.49,1.46,1.45,1.45,1.48,1.49,1.46,2.56,2.56,2.87,2.87,2.85,2.85,2.91,2.89,2.44
0.52,0.3,0.34,0.34,0.27,0.29,0.38,0.52,2.56,0.69,0.68,0.62,0.67,0.67,0.67,0.67,0.68,0.65,1.51,1.48,1.51,1.46,1.45,1.45,1.44,1.49,1.46,2.56,2.56,2.55,2.87,2.87,2.87,2.91,2.76,2.44
0.52,0.3,0.27,0.26,0.34,0.29,0.33,0.52,2.56,0.69,0.68,0.67,0.67,0.67,0.67,0.67,0.68,0.66,1.51,1.48,1.51,1.46,1.45,1.45,1.48,1.49,1.46,2.56,2.56,2.53,2.87,2.85,2.85,2.88,2.87,2.45
0.52,0.3,0.27,0.34,0.26,0.29,0.33,1.57,2.56,0.71,0.68,0.67,0.67,0.67,0.67,0.67,0.64,0.7,1.49,1.48,1.51,1.46,1.45,1.45,1.48,1.51,1.46,2.56,2.57,2.87,2.85,2.93,2.85,2.86,2.74,2.44
0.52,0.3,0.36,0.26,0.34,0.29,0.33,1.16,2.56,0.71,0.68,0.67,0.67,0.67,0.67,0.67,0.68,0.68,1.49,1.48,1.51,1.46,1.45,1.45,1.48,1.52,1.46,2.56,2.54,2.62,2.87,2.85,2.87,2.9,2.86,2.44
0.52,0.3,0.36,0.26,0.26,0.36,0.33,1.49,2.56,0.71,0.65,0.67,0.67,0.67,0.67,0.67,0.68,0.68,1.51,1.48,1.51,1.46,1.45,1.45,1.44,1.51,1.57,2.56,2.56,2.62,2.87,2.85,2.87,2.87,2.84,2.38
0.52,0.3,0.27,0.34,0.26,0.29,0.33,0.52,2.56,0.71,0.68,0.67,0.67,0.62,0.62,0.67,0.68,0.68,1.51,1.48,1.51,1.46,1.45,1.45,1.48,1.51,1.57,2.56,2.56,2.6,2.87,2.85,2.85,2.88,2.84,2.45
0.52,0.3,0.27,0.26,0.34,0.36,0.33,0.52,2.56,0.69,0.68,0.67,0.67,0.67,0.67,0.67,0.68,0.7,1.51,1.48,1.49,1.46,1.45,1.45,1.48,1.51,1.46,2.56,2.56,2.63,2.87,2.85,2.87,2.91,2.86,2.44
0.52,0.3,0.34,0.34,0.26,0.29,0.33,0.86,2.56,0.69,0.68,0.67,0.67,0.67,0.67,0.67,0.68,0.68,1.51,1.48,1.51,1.46,1.4,1.45,1.48,1.49,1.46,2.56,2.56,2.62,2.87,2.87,2.85,2.91,2.84,2.45
0.52,0.3,0.36,0.26,0.27,0.29,0.33,0.81,2.56,0.71,0.68,0.67,0.67,0.67,0.67,0.63,0.68,0.66,1.51,1.48,1.49,1.46,1.45,1.4,1.48,1.51,1.46,2.56,2.56,2.6,2.87,2.87,2.87,2.91,2.84,2.38
0.52,0.37,0.27,0.26,0.34,0.36,0.33,0.83,2.56,0.69,0.68,0.67,0.67,0.67,0.67,0.67,0.68,0.65,1.51,1.48,1.51,1.46,1.45,1.45,1.48,1.52,1.46,2.56,2.56,2.63,2.87,2.85,2.87,2.87,2.84,2.45
0.52,0.37,0.34,0.34,0.26,0.29,0.33,0.52,2.56,0.71,0.68,0.67,0.62,0.67,0.67,0.67,0.68,0.7,1.51,1.48,1.51,1.46,1.45,1.45,1.48,1.51,1.46,2.56,2.56,2.63,2.87,2.85,2.85,2.98,2.84,2.44
0.52,0.3,0.34,0.34,0.34,0.29,0.33,0.46,2.56,0.71,0.68,0.67,0.67,0.67,0.67,0.67,0.68,0.68,1.51,1.48,1.51,1.46,1.45,1.45,1.44,1.51,1.46,2.56,2.56,2.53,2.87,2.85,2.87,2.9,2.84,2.39
0.52,0.3,0.34,0.26,0.34,0.29,0.33,0.9,2.56,0.71,0.68,0.67,0.67,0.67,0.67,0.67,0.68,0.68,1.51,1.48,1.49,1.46,1.45,1.45,1.48,1.51,1.46,2.56,2.56,2.55,2.87,2.85,2.87,2.96,2.76,2.44
0.52,0.3,0.36,0.34,0.26,0.29,0.38,0.92,2.56,0.69,0.68,0.62,0.67,0.67,0.67,0.67,0.68,0.68,1.51,1.48,1.51,1.46,1.45,1.45,1.44,1.49,1.46,2.56,2.56,2.51,2.87,2.87,2.87,2.9,2.84,2.44
0.52,0.3,0.27,0.26,0.34,0.29,0.33,0.91,2.56,0.69,0.68,0.67,0.67,0.67,0.67,0.67,0.68,0.65,1.51,1.48,1.51,1.46,1.45,1.45,1.48,1.51,1.46,2.56,2.56,2.87,2.87,2.85,2.87,2.9,2.84,2.45
0.52,0.3,0.27,0.34,0.26,0.29,0.33,0.9,2.56,0.71,0.68,0.67,0.67,0.67,0.67,0.67,0.64,0.68,1.49,1.48,1.51,1.46,1.45,1.45,1.48,1.52,1.46,2.56,2.56,2.55,2.87,2.87,2.87,2.89,2.86,2.44
0.52,0.3,0.34,0.26,0.34,0.29,0.33,0.85,2.56,0.71,0.68,0.67,0.67,0.67,0.67,0.67,0.68,0.68,1.49,1.48,1.49,1.46,1.45,1.46,1.48,1.52,1.46,2.56,2.54,2.87,2.87,2.85,2.87,2.89,2.74,2.45
0.52,0.3,0.36,0.26,0.26,0.29,0.33,0.89,2.56,0.71,0.64,0.67,0.67,0.67,0.67,0.67,0.68,0.65,1.51,1.48,1.51,1.46,1.45,1.4,1.44,1.52,1.57,2.54,2.56,2.55,2.87,2.85,2.87,2.9,2.76,2.45
0.52,0.3,0.28,0.34,0.27,0.29,0.33,0.85,2.56,0.69,0.68,0.67,0.67,0.62,0.62,0.67,0.68,0.68,1.51,1.48,1.49,1.46,1.45,1.45,1.48,1.51,1.57,2.54,2.56,2.57,2.87,2.87,2.87,2.96,2.84,2.44
0.52,0.3,0.27,0.26,0.34,0.36,0.33,0.88,2.56,0.69,0.68,0.67,0.67,0.67,0.67,0.67,0.68,0.68,1.51,1.48,1.49,1.46,1.45,1.45,1.48,1.52,1.46,2.56,2.56,2.55,2.87,2.85,2.87,2.95,2.84,2.45
0.52,0.3,0.34,0.34,0.27,0.29,0.33,0.9,2.56,0.69,0.68,0.67,0.67,0.67,0.67,0.67,0.68,0.68,1.51,1.48,1.49,1.46,1.4,1.46,1.48,1.51,1.46,2.56,2.56,2.57,2.87,2.87,2.87,2.87,2.83,2.45
0.52,0.3,0.34,0.26,0.26,0.29,0.33,0.92,1.13,0.71,0.68,0.67,0.67,0.67,0.67,0.63,0.68,0.65,1.51,1.48,1.51,1.46,1.45,1.46,1.48,1.52,1.46,2.56,2.56,2.55,2.87,2.85,2.87,2.89,2.76,2.38
0.52,0.37,0.27,0.26,0.34,0.36,0.33,0.94,1.15,0.69,0.68,0.67,0.67,0.67,0.67,0.67,0.68,0.68,1.51,1.48,1.49,1.46,1.45,1.46,1.48,1.52,1.46,2.54,2.56,2.55,2.87,2.85,2.87,2.87,2.86,2.45
0.52,0.37,0.36,0.34,0.27,0.29,0.33,0.92,1.15,0.71,0.68,0.67,0.62,0.67,0.67,0.67,0.68,0.7,1.49,1.48,1.49,1.46,1.45,1.4,1.48,1.51,1.46,2.56,2.56,2.87,2.87,2.85,2.87,2.95,2.84,2.45
0.52,0.3,0.27,0.26,0.34,0.29,0.33,0.97,1.15,0.71,0.68,0.67,0.67,0.67,0.67,0.67,0.68,0.68,1.51,1.48,1.49,1.46,1.45,1.45,1.48,1.52,1.46,2.56,2.56,2.62,2.87,2.85,2.87,2.87,2.84,2.45
0.52,0.3,0.34,0.26,0.34,0.36,0.33,0.97,1.16,0.71,0.68,0.67,0.67,0.67,0.67,0.67,0.68,0.68,1.51,1.48,1.49,1.46,1.45,1.45,1.48,1.51,1.46,2.56,2.56,2.55,2.87,2.87,2.87,2.89,2.74,2.45
0.52,0.3,0.34,0.34,0.26,0.29,0.38,0.94,2.56,0.69,0.68,0.62,0.67,0.67,0.67,0.67,0.68,0.68,1.51,1.48,1.49,1.46,1.45,1.45,1.44,1.51,1.46,2.56,2.56,2.87,2.87,2.85,2.87,2.87,2.84,2.45
0.52,0.3,0.27,0.26,0.34,0.29,0.33,0.87,2.56,0.69,0.68,0.67,0.67,0.67,0.67,0.67,0.68,0.65,1.51,1.48,1.49,1.46,1.45,1.45,1.48,1.51,1.46,2.56,2.56,2.49,2.87,2.85,2.87,2.87,2.83,2.45
0.52,0.3,0.27,0.34,0.27,0.29,0.33,0.96,2.56,0.71,0.68,0.67,0.67,0.67,0.67,0.67,0.64,0.68,1.49,1.48,1.49,1.46,1.45,1.45,1.48,1.51,1.46,2.54,2.56,2.62,2.87,2.93,2.87,2.87,2.84,2.45
0.52,0.3,0.34,0.26,0.34,0.29,0.33,0.85,2.56,0.71,0.68,0.67,0.67,0.67,0.67,0.67,0.68,0.68,1.49,1.48,1.49,1.46,1.45,1.45,1.48,1.52,1.46,2.56,2.54,2.62,2.87,2.87,2.87,2.9,2.86,2.38
0.52,0.29,0.34,0.26,0.27,0.29,0.33,0.94,2.56,0.71,0.64,0.67,0.67,0.67,0.67,0.67,0.68,0.65,1.51,1.48,1.49,1.46,1.45,1.45,1.44,1.51,1.57,2.56,2.56,2.62,2.87,2.87,2.87,2.87,2.84,2.38
0.52,0.29,0.34,0.34,0.26,0.29,0.33,0.88,2.56,0.69,0.68,0.67,0.67,0.62,0.62,0.67,0.68,0.68,1.51,1.48,1.49,1.46,1.45,1.45,1.48,1.51,1.57,2.56,2.56,2.62,2.87,2.87,2.87,2.87,2.83,2.45
0.52,0.29,0.28,0.26,0.34,0.36,0.33,1.09,2.56,0.69,0.68,0.67,0.67,0.67,0.67,0.67,0.68,0.68,1.51,1.48,1.49,1.46,1.45,1.45,1.48,1.52,1.46,2.56,2.56,2.87,2.87,2.85,2.87,2.89,2.84,2.45
0.52,0.29,0.27,0.34,0.26,0.29,0.33,2.59,2.56,0.69,0.68,0.67,0.67,0.67,0.67,0.67,0.68,0.68,1.51,1.48,1.49,1.46,1.4,1.45,1.48,1.51,1.46,2.54,2.56,2.63,2.87,2.85,2.87,2.9,2.84,2.39
0.52,0.29,0.34,0.26,0.26,0.29,0.33,1.07,1.22,0.71,0.68,0.67,0.67,0.67,0.67,0.63,0.68,0.65,1.51,1.48,1.49,1.46,1.45,1.4,1.48,1.52,1.46,2.54,2.56,2.87,2.87,2.85,2.87,2.87,2.84,2.39
0.52,0.36,0.34,0.26,0.26,0.36,0.33,1.1,1.21,0.69,0.68,0.67,0.67,0.67,0.62,0.67,0.68,0.68,1.51,1.48,1.49,1.46,1.45,1.45,1.48,1.52,1.46,2.56,2.56,2.57,2.87,2.85,2.87,2.87,2.83,2.44
0.52,0.36,0.34,0.34,0.26,0.29,0.33,1.48,1.15,0.71,0.68,0.67,0.62,0.67,0.67,0.67,0.68,0.68,1.51,1.48,1.49,1.46,1.45,1.45,1.48,1.51,1.46,2.54,2.57,2.95,2.87,2.85,2.87,2.96,2.83,2.45
0.52,0.28,0.27,0.26,0.34,0.29,0.33,1.09,1.15,0.71,0.68,0.67,0.67,0.67,0.67,0.67,0.68,0.68,1.51,1.48,1.49,1.46,1.45,1.45,1.44,1.51,1.46,2.54,2.54,2.63,2.87,2.87,2.95,2.9,2.84,2.45
0.52,0.29,0.27,0.26,0.34,0.29,0.33,0.85,1.21,0.71,0.68,0.67,0.67,0.67,0.67,0.67,0.68,0.68,1.51,1.48,1.49,1.46,1.45,1.45,1.48,1.49,1.46,2.56,2.56,2.87,2.87,2.85,2.87,2.87,2.84,2.45
0.52,0.29,0.34,0.34,0.26,0.29,0.38,1.21,2.54,0.69,0.68,0.62,0.67,0.67,0.67,0.67,0.68,0.68,1.51,1.48,1.49,1.46,1.45,1.45,1.44,1.49,1.46,2.54,2.56,2.87,2.87,2.85,2.87,2.87,2.83,2.45
0.52,0.29,0.27,0.26,0.34,0.29,0.33,1.09,2.56,0.67,0.68,0.67,0.67,0.67,0.67,0.67,0.68,0.65,1.51,1.48,1.49,1.46,1.45,1.45,1.48,1.49,1.46,2.56,2.56,2.87,2.87,2.85,2.87,2.9,2.83,2.45
0.52,0.29,0.27,0.34,0.27,0.29,0.33,1.03,2.56,0.69,0.68,0.67,0.67,0.67,0.67,0.67,0.64,0.68,1.49,1.48,1.49,1.46,1.45,1.45,1.48,1.52,1.46,2.54,2.56,2.55,2.87,2.85,2.87,2.91,2.83,2.45
0.52,0.29,0.34,0.26,0.34,0.29,0.33,1.03,2.56,0.71,0.68,0.67,0.67,0.67,0.67,0.67,0.68,0.68,1.49,1.48,1.49,1.46,1.45,1.45,1.48,1.51,1.46,2.56,2.54,2.87,2.87,2.87,2.87,2.9,2.83,2.38
0.52,0.28,0.34,0.26,0.26,0.29,0.33,1.03,2.56,0.71,0.64,0.67,0.67,0.67,0.67,0.67,0.68,0.68,1.51,1.48,1.49,1.46,1.45,1.45,1.44,1.51,1.57,2.56,2.56,2.63,2.87,2.85,2.87,2.9,2.83,2.38
0.52,0.29,0.34,0.34,0.26,0.29,0.33,1.13,2.56,0.69,0.68,0.67,0.67,0.62,0.62,0.67,0.68,0.7,1.51,1.48,1.49,1.46,1.45,1.4,1.48,1.51,1.57,2.56,2.56,2.87,2.87,2.85,2.87,2.95,2.83,2.45
0.52,0.29,0.27,0.26,0.34,0.36,0.33,1.16,1.18,0.69,0.68,0.67,0.67,0.67,0.67,0.67,0.68,0.68,1.51,1.48,1.49,1.46,1.45,1.45,1.48,1.49,1.46,2.56,2.56,2.87,2.87,2.85,2.87,2.85,2.83,2.45
0.52,0.28,0.34,0.34,0.26,0.29,0.33,2.59,1.19,0.69,0.68,0.67,0.67,0.67,0.67,0.67,0.68,0.68,1.51,1.48,1.49,1.46,1.4,1.45,1.48,1.49,1.46,2.56,2.56,2.87,2.87,2.85,2.87,2.91,2.83,2.45
0.52,0.29,0.34,0.26,0.26,0.29,0.33,2.59,1.19,0.71,0.68,0.67,0.67,0.67,0.67,0.63,0.68,0.65,1.51,1.48,1.49,1.46,1.45,1.4,1.48,1.51,1.46,2.56,2.56,2.87,2.87,2.85,2.87,2.9,2.83,2.38
0.52,0.36,0.34,0.26,0.34,0.36,0.33,1.16,2.56,0.69,0.68,0.67,0.67,0.62,0.67,0.67,0.68,0.68,1.51,1.48,1.49,1.46,1.45,1.45,1.48,1.51,1.46,2.56,2.56,2.53,2.87,2.87,2.87,2.85,2.83,2.44
0.52,0.36,0.34,0.34,0.26,0.29,0.33,1.16,1.18,0.71,0.68,0.67,0.62,0.67,0.67,0.67,0.68,0.7,1.51,1.48,1.49,1.46,1.45,1.45,1.48,1.51,1.46,2.56,2.56,2.87,2.87,2.87,2.87,2.85,2.83,2.45
0.52,0.29,0.27,0.26,0.34,0.29,0.33,1.16,1.16,0.71,0.64,0.67,0.67,0.67,0.67,0.67,0.68,0.68,1.51,1.48,1.49,1.46,1.45,1.45,1.44,1.51,1.46,2.56,2.56,2.55,2.87,2.85,2.87,2.91,2.83,2.45
0.52,0.29,0.27,0.26,0.34,0.36,0.33,1.13,2.56,0.71,0.68,0.67,0.67,0.67,0.67,0.67,0.68,0.68,1.51,1.48,1.49,1.46,1.45,1.45,1.48,1.49,1.46,2.56,2.56,2.87,2.87,2.85,2.87,2.91,2.83,2.45
0.52,0.29,0.27,0.34,0.27,0.29,0.38,1.13,2.56,0.69,0.68,0.62,0.67,0.67,0.67,0.67,0.68,0.68,1.51,1.48,1.49,1.46,1.45,1.45,1.44,1.49,1.46,2.56,2.56,2.62,2.87,2.85,2.87,2.91,2.83,2.45
0.52,0.29,0.27,0.26,0.27,0.29,0.33,1.13,2.56,0.69,0.68,0.67,0.67,0.67,0.67,0.67,0.68,0.65,1.51,1.48,1.49,1.46,1.45,1.45,1.48,1.49,1.46,2.56,2.56,2.65,2.87,2.85,2.87,2.91,2.83,2.44
0.52,0.29,0.27,0.34,0.27,0.29,0.33,1.13,2.56,0.71,0.64,0.67,0.67,0.67,0.67,0.67,0.64,0.7,1.49,1.48,1.49,1.46,1.45,1.45,1.48,1.51,1.46,2.56,2.56,2.62,2.87,2.93,2.87,2.9,2.83,2.45
0.52,0.29,0.34,0.26,0.34,0.29,0.33,1.13,2.56,0.71,0.68,0.67,0.67,0.67,0.67,0.67,0.68,0.68,1.49,1.48,1.49,1.46,1.45,1.45,1.48,1.49,1.46,2.56,2.54,2.57,2.87,2.87,2.87,2.9,2.83,2.37
0.52,0.28,0.34,0.26,0.27,0.29,0.33,1.15,1.19,0.71,0.68,0.67,0.67,0.67,0.67,0.67,0.68,0.65,1.51,1.48,1.49,1.46,1.4,1.45,1.44,1.52,1.57,2.56,2.56,2.87,2.85,2.85,2.87,2.91,2.83,2.39
0.52,0.29,0.34,0.34,0.26,0.29,0.33,1.19,1.18,0.69,0.68,0.67,0.67,0.62,0.62,0.67,0.68,0.68,1.51,1.48,1.49,1.46,1.45,1.4,1.48,1.52,1.57,2.56,2.56,2.62,2.95,2.85,2.87,2.98,2.83,2.45
0.52,0.28,0.27,0.26,0.34,0.36,0.33,1.96,2.56,0.69,0.68,0.67,0.67,0.67,0.67,0.67,0.68,0.68,1.51,1.48,1.49,1.46,1.45,1.45,1.48,1.52,1.46,2.56,2.56,2.58,2.87,2.85,2.87,2.96,2.83,2.44
0.52,0.29,0.34,0.34,0.27,0.29,0.33,2.59,2.56,0.69,0.68,0.67,0.67,0.67,0.67,0.67,0.68,0.68,1.51,1.48,1.49,1.46,1.4,1.45,1.48,1.51,1.46,2.56,2.56,2.87,2.87,2.85,2.87,2.89,2.83,2.45
0.52,0.29,0.34,0.26,0.26,0.29,0.32,2.47,2.56,0.71,0.68,0.67,0.67,0.67,0.67,0.63,0.68,0.65,1.51,1.48,1.49,1.46,1.45,1.4,1.48,1.51,1.46,2.56,2.57,2.53,2.87,2.85,2.87,2.91,2.83,2.38
0.52,0.29,0.34,0.26,0.34,0.36,0.32,1.19,2.56,0.67,0.68,0.67,0.67,0.67,0.67,0.67,0.68,0.68,1.51,1.48,1.49,1.46,1.45,1.45,1.48,1.51,1.46,2.56,2.56,2.87,2.87,2.85,2.87,2.9,2.83,2.44
0.52,0.36,0.34,0.34,0.26,0.29,0.33,1.19,2.56,0.71,0.68,0.67,0.62,0.67,0.67,0.67,0.68,0.68,1.51,1.48,1.49,1.46,1.45,1.45,1.48,1.51,1.46,2.56,2.56,2.62,2.87,2.85,2.87,2.9,2.83,2.45
0.52,0.29,0.27,0.26,0.34,0.29,0.31,1.16,2.56,0.71,0.68,0.67,0.67,0.67,0.67,0.67,0.68,0.68,1.51,1.48,1.49,1.46,1.45,1.45,1.44,1.51,1.46,2.56,2.56,2.63,2.87,2.85,2.95,2.9,2.83,2.45
0.52,0.29,0.27,0.26,0.34,0.29,0.31,1.15,2.56,0.71,0.68,0.67,0.67,0.67,0.67,0.67,0.68,0.68,1.51,1.48,1.49,1.46,1.45,1.45,1.48,1.49,1.46,2.56,2.56,2.55,2.87,2.87,2.87,2.91,2.83,2.45
0.52,0.29,0.34,0.34,0.26,0.29,0.33,1.12,2.56,0.71,0.68,0.62,0.67,0.67,0.67,0.67,0.68,0.68,1.51,1.48,1.49,1.46,1.45,1.45,1.44,1.51,1.46,2.56,2.56,2.56,2.87,2.87,2.87,2.9,2.83,2.45
0.52,0.29,0.27,0.26,0.34,0.29,0.33,1.12,2.56,0.69,0.64,0.67,0.67,0.67,0.67,0.67,0.68,0.65,1.51,1.48,1.49,1.46,1.45,1.45,1.48,1.49,1.46,2.56,2.56,2.63,2.87,2.85,2.87,2.9,2.83,2.45
0.52,0.29,0.27,0.34,0.26,0.29,0.31,1.1,2.56,0.69,0.68,0.67,0.67,0.67,0.67,0.67,0.64,0.68,1.49,1.48,1.49,1.46,1.45,1.45,1.48,1.51,1.46,2.56,2.56,2.62,2.87,2.93,2.87,2.9,2.84,2.45
0.52,0.29,0.34,0.26,0.34,0.29,0.31,1.1,2.56,0.71,0.68,0.67,0.67,0.67,0.67,0.67,0.68,0.68,1.49,1.48,1.49,1.46,1.45,1.45,1.48,1.51,1.46,2.56,2.54,2.56,2.87,2.85,2.87,2.91,2.81,2.38
0.52,0.3,0.34,0.26,0.27,0.36,0.31,1.1,2.56,0.71,0.68,0.67,0.67,0.67,0.67,0.67,0.68,0.68,1.51,1.48,1.49,1.46,1.45,1.45,1.44,1.51,1.57,2.56,2.56,2.65,2.87,2.85,2.87,2.9,2.83,2.38
0.52,0.3,0.34,0.34,0.26,0.29,0.31,1.02,2.56,0.69,0.68,0.67,0.67,0.62,0.62,0.67,0.68,0.68,1.51,1.48,1.49,1.46,1.45,1.4,1.48,1.51,1.57,2.54,2.56,2.62,2.87,2.87,2.87,2.96,2.83,2.44
0.52,0.3,0.27,0.26,0.34,0.36,0.33,1.1,2.56,0.69,0.68,0.67,0.67,0.67,0.67,0.67,0.68,0.68,1.51,1.48,1.49,1.46,1.45,1.45,1.48,1.51,1.46,2.54,2.56,2.52,2.87,2.85,2.87,2.98,2.83,2.44
0.52,0.3,0.34,0.34,0.26,0.29,0.33,1.09,2.56,0.69,0.68,0.67,0.67,0.67,0.67,0.67,0.68,0.68,1.51,1.48,1.49,1.46,1.4,1.45,1.48,1.49,1.46,2.56,2.56,2.54,2.87,2.87,2.87,2.88,2.83,2.38
0.52,0.3,0.34,0.26,0.26,0.29,0.52,1.1,2.56,0.71,0.68,0.67,0.67,0.67,0.67,0.63,0.68,0.65,1.51,1.48,1.49,1.46,1.45,1.38,1.48,1.49,1.46,2.56,2.56,2.87,2.87,2.85,2.87,2.88,2.83,2.39
0.52,0.3,0.27,0.26,0.26,0.36,0.52,1.1,2.56,0.69,0.68,0.67,0.67,0.67,0.67,0.67,0.68,0.7,1.51,1.48,1.49,1.46,1.45,1.43,1.48,1.51,1.46,2.56,2.56,2.63,2.87,2.85,2.87,2.88,2.83,2.45
0.52,0.37,0.34,0.34,0.27,0.29,0.52,1.1,2.56,0.71,0.68,0.67,0.62,0.67,0.67,0.67,0.68,0.7,1.51,1.48,1.49,1.46,1.45,1.43,1.48,1.51,1.46,2.56,2.56,2.6,2.87,2.87,2.87,2.86,2.83,2.37
0.52,0.3,0.34,0.26,0.34,0.29,0.52,1.02,2.56,0.71,0.68,0.67,0.67,0.67,0.67,0.67,0.68,0.68,1.51,1.48,1.49,1.46,1.45,1.43,1.44,1.51,1.46,2.56,2.56,2.62,2.87,2.87,2.95,2.85,2.83,2.38
0.52,0.3,0.34,0.26,0.34,0.29,0.4,1.1,2.56,0.71,0.68,0.67,0.67,0.67,0.67,0.67,0.68,0.68,1.51,1.48,1.49,1.46,1.45,1.43,1.48,1.49,1.46,2.56,2.56,2.6,2.87,2.85,2.87,2.85,2.83,2.45
0.52,0.3,0.34,0.34,0.26,0.29,0.51,1.1,2.56,0.69,0.68,0.67,0.67,0.67,0.67,0.67,0.68,0.68,1.51,1.48,1.49,1.46,1.45,1.38,1.44,1.49,1.46,2.56,2.56,2.55,2.87,2.85,2.87,2.85,2.81,2.45
0.52,0.3,0.27,0.26,0.34,0.29,0.33,1.1,1.18,0.69,0.68,0.67,0.67,0.67,0.67,0.67,0.68,0.65,1.51,1.48,1.49,1.46,1.45,1.43,1.48,1.49,1.46,2.56,2.56,2.87,2.87,2.87,2.87,2.85,2.83,2.45
0.52,0.3,0.27,0.34,0.26,0.29,0.31,1.1,1.11,0.71,0.68,0.67,0.67,0.67,0.67,0.67,0.64,0.7,1.49,1.48,1.49,1.46,1.45,1.43,1.48,1.51,1.46,2.56,2.56,2.55,2.87,2.85,2.87,2.85,2.83,2.44
0.52,0.3,0.34,0.26,0.34,0.29,0.31,1.1,1.18,0.71,0.68,0.67,0.67,0.67,0.67,0.67,0.68,0.68,1.49,1.48,1.49,1.46,1.45,1.43,1.48,1.51,1.46,2.54,2.54,2.87,2.87,2.85,2.87,2.93,2.83,2.45
0.52,0.3,0.27,0.26,0.26,0.29,0.33,1.1,1.18,0.71,0.68,0.67,0.67,0.67,0.67,0.67,0.68,0.68,1.51,1.48,1.49,1.46,1.45,1.43,1.44,1.51,1.57,2.56,2.56,2.62,2.87,2.87,2.87,2.85,2.83,2.45
0.52,0.3,0.34,0.34,0.27,0.29,0.31,1.1,1.19,0.71,0.68,0.67,0.67,0.62,0.62,0.67,0.68,0.68,1.51,1.48,1.49,1.46,1.45,1.38,1.48,1.51,1.57,2.54,2.56,2.58,2.87,2.85,2.87,2.88,2.84,2.45
0.52,0.3,0.27,0.26,0.34,0.36,0.31,1.1,1.25,0.69,0.68,0.67,0.67,0.67,0.67,0.67,0.68,0.68,1.51,1.48,1.49,1.46,1.45,1.43,1.48,1.51,1.46,2.54,2.56,2.87,2.87,2.85,2.87,2.85,2.82,2.45
0.52,0.3,0.34,0.34,0.27,0.29,0.33,2.59,2.56,0.69,0.68,0.67,0.67,0.67,0.67,0.67,0.68,0.68,1.51,1.48,1.48,1.46,1.45,1.43,1.48,1.49,1.46,2.56,2.56,2.57,2.87,2.85,2.87,2.87,2.84,2.39
0.52,0.3,0.34,0.26,0.26,0.29,0.35,2.59,2.56,0.71,0.68,0.67,0.67,0.67,0.67,0.63,0.68,0.65,1.51,1.48,1.49,1.46,1.45,1.43,1.48,1.49,1.46,2.54,2.56,2.87,2.87,2.85,2.87,2.86,2.83,2.38
0.52,0.37,0.27,0.26,0.26,0.29,0.35,2.59,2.56,0.69,0.68,0.67,0.67,0.67,0.67,0.67,0.68,0.68,1.51,1.48,1.48,1.46,1.45,1.43,1.48,1.51,1.46,2.54,2.56,2.87,2.87,2.85,2.87,2.88,2.83,2.45
0.52,0.37,0.34,0.34,0.26,0.29,0.51,2.59,2.56,0.71,0.68,0.67,0.62,0.67,0.67,0.67,0.68,0.68,1.51,1.48,1.48,1.46,1.45,1.43,1.48,1.51,1.46,2.54,2.56,2.57,2.87,2.85,2.87,2.88,2.83,2.45
0.52,0.3,0.34,0.26,0.34,0.29,0.68,2.59,2.56,0.71,0.68,0.67,0.67,0.67,0.67,0.67,0.68,0.68,1.51,1.48,1.48,1.46,1.45,1.43,1.44,1.51,1.46,2.54,2.56,2.62,2.87,2.85,2.95,2.86,2.81,2.45
0.52,0.3,0.34,0.26,0.34,0.36,0.66,1.61,2.56,0.71,0.68,0.67,0.67,0.67,0.67,0.67,0.68,0.68,1.51,1.48,1.48,1.46,1.45,1.43,1.48,1.49,1.46,2.54,2.56,2.54,2.87,2.87,2.87,2.91,2.83,2.45
0.52,0.3,0.34,0.34,0.26,0.29,0.75,1.49,2.56,0.69,0.68,0.62,0.67,0.67,0.67,0.67,0.68,0.68,1.51,1.48,1.45,1.46,1.45,1.38,1.44,1.51,1.46,2.54,2.56,2.87,2.87,2.85,2.87,2.91,2.84,2.45
0.52,0.3,0.27,0.26,0.34,0.29,0.85,1.52,2.56,0.69,0.68,0.67,0.67,0.67,0.67,0.67,0.68,0.65,1.51,1.48,1.48,1.46,1.45,1.43,1.48,1.51,1.46,2.56,2.56,2.87,2.87,2.85,2.87,2.86,2.83,2.45
0.52,0.3,0.27,0.34,0.26,0.29,0.76,1.62,2.56,0.71,0.68,0.67,0.67,0.67,0.67,0.67,0.68,0.68,1.49,1.48,1.48,1.46,1.45,1.43,1.48,1.51,1.46,2.54,2.56,2.55,2.87,2.93,2.87,2.91,2.84,2.44
0.52,0.3,0.34,0.26,0.34,0.29,0.5,1.15,2.56,0.69,0.68,0.67,0.67,0.67,0.67,0.67,0.68,0.68,1.49,1.48,1.48,1.46,1.45,1.43,1.48,1.51,1.46,2.54,2.54,2.87,2.87,2.85,2.87,2.91,2.83,2.45
0.52,0.3,0.34,0.26,0.26,0.36,0.5,2.59,2.56,0.71,0.68,0.67,0.67,0.67,0.67,0.67,0.68,0.65,1.51,1.48,1.48,1.46,1.45,1.43,1.44,1.51,1.57,2.54,2.56,2.87,2.87,2.85,2.87,2.91,2.83,2.45
0.52,0.3,0.34,0.34,0.26,0.29,0.72,2.59,2.56,0.71,0.68,0.67,0.67,0.62,0.62,0.67,0.68,0.68,1.51,1.48,1.44,1.46,1.45,1.43,1.48,1.51,1.57,2.54,2.56,2.63,2.87,2.85,2.87,2.98,2.84,2.44
0.52,0.3,0.27,0.26,0.34,0.36,0.66,2.59,2.56,0.69,0.68,0.67,0.67,0.67,0.67,0.67,0.68,0.68,1.51,1.48,1.45,1.46,1.45,1.43,1.48,1.49,1.46,2.54,2.56,2.62,2.87,2.85,2.87,2.93,2.81,2.45
0.52,0.3,0.34,0.34,0.26,0.29,0.76,2.59,2.56,0.69,0.68,0.67,0.67,0.67,0.67,0.67,0.68,0.68,1.51,1.48,1.48,1.46,1.45,1.45,1.48,1.49,1.46,2.54,2.56,2.55,2.87,2.85,2.87,2.91,2.84,2.38
0.52,0.3,0.34,0.26,0.26,0.29,0.75,1.6,2.56,0.71,0.68,0.67,0.67,0.67,0.67,0.63,0.68,0.65,1.51,1.48,1.48,1.46,1.45,1.4,1.48,1.51,1.46,2.54,2.56,2.87,2.87,2.85,2.87,2.91,2.81,2.39
0.52,0.37,0.34,0.26,0.26,0.36,0.74,1.46,2.56,0.69,0.68,0.67,0.67,0.67,0.67,0.67,0.68,0.68,1.51,1.48,1.48,1.46,1.45,1.45,1.48,1.51,1.46,2.54,2.56,2.95,2.87,2.85,2.87,2.88,2.83,2.45
0.52,0.37,0.34,0.34,0.26,0.29,0.74,1.58,2.56,0.71,0.68,0.67,0.62,0.67,0.67,0.67,0.68,0.68,1.49,1.48,1.48,1.46,1.45,1.45,1.48,1.51,1.46,2.54,2.56,2.63,2.87,2.85,2.87,2.88,2.83,2.45
0.52,0.3,0.34,0.26,0.34,0.29,0.66,1.13,2.56,0.71,0.68,0.67,0.67,0.67,0.67,0.67,0.68,0.68,1.51,1.48,1.48,1.46,1.45,1.45,1.44,1.51,1.46,2.54,2.56,2.87,2.87,2.85,2.95,2.91,2.81,2.45
0.52,0.3,0.27,0.26,0.34,0.29,0.7,1.1,2.56,0.71,0.68,0.67,0.67,0.67,0.67,0.67,0.68,0.68,1.51,1.48,1.48,1.46,1.45,1.45,1.48,1.49,1.46,2.56,2.56,2.55,2.87,2.85,2.87,2.91,2.83,2.45
0.52,0.3,0.34,0.34,0.27,0.29,0.73,1.1,2.56,0.69,0.68,0.62,0.67,0.67,0.67,0.67,0.68,0.68,1.51,1.48,1.45,1.46,1.45,1.45,1.44,1.49,1.46,2.54,2.56,2.87,2.87,2.85,2.87,2.91,2.83,2.44
0.52,0.3,0.27,0.26,0.34,0.29,0.85,1.09,2.56,0.69,0.68,0.67,0.67,0.67,0.67,0.67,0.68,0.65,1.51,1.48,1.48,1.46,1.45,1.45,1.48,1.51,1.46,2.56,2.56,2.63,2.87,2.85,2.87,2.86,2.83,2.45
0.52,0.3,0.27,0.34,0.27,0.29,0.87,1.09,2.56,0.71,0.68,0.67,0.67,0.67,0.67,0.67,0.64,0.7,1.49,1.48,1.48,1.46,1.45,1.45,1.48,1.51,1.46,2.56,2.56,2.65,2.87,2.93,2.87,2.91,2.83,2.44
0.52,0.3,0.34,0.26,0.34,0.29,0.87,1.1,1.24,0.71,0.68,0.67,0.67,0.67,0.67,0.67,0.68,0.68,1.49,1.48,1.48,1.46,1.45,1.45,1.48,1.51,1.46,2.56,2.54,2.63,2.87,2.85,2.87,2.88,2.83,2.45
0.52,0.3,0.34,0.26,0.26,0.29,0.7,1.13,2.56,0.71,0.68,0.67,0.67,0.67,0.67,0.67,0.68,0.68,1.51,1.48,1.48,1.46,1.45,1.45,1.44,1.52,1.57,2.56,2.56,2.63,2.87,2.85,2.87,2.91,2.84,2.45
0.52,0.3,0.34,0.34,0.26,0.29,0.68,2.59,2.56,0.69,0.68,0.67,0.67,0.62,0.62,0.67,0.68,0.68,1.51,1.48,1.44,1.46,1.45,1.4,1.48,1.52,1.57,2.56,2.56,2.62,2.87,2.85,2.87,2.95,2.82,2.44
0.52,0.3,0.27,0.26,0.34,0.36,0.68,2.49,2.56,0.69,0.68,0.67,0.67,0.67,0.67,0.67,0.68,0.7,1.51,1.48,1.45,1.46,1.45,1.45,1.48,1.51,1.46,2.56,2.56,2.62,2.87,2.85,2.87,2.86,2.83,2.38
0.52,0.3,0.34,0.34,0.34,0.29,0.52,2.59,2.56,0.69,0.68,0.67,0.67,0.67,0.67,0.67,0.68,0.7,1.51,1.48,1.48,1.46,1.45,1.45,1.48,1.49,1.46,2.56,2.56,2.63,2.87,2.87,2.87,2.91,2.83,2.37
0.52,0.3,0.34,0.26,0.27,0.29,0.52,2.47,2.56,0.7,0.68,0.67,0.67,0.67,0.67,0.67,0.68,0.7,1.51,1.48,1.48,1.46,1.45,1.4,1.48,1.49,1.46,2.56,2.56,2.6,2.87,2.85,2.87,2.91,2.83,2.45
0.52,0.37,0.28,0.26,0.34,0.36,0.4,1.63,2.56,0.69,0.68,0.67,0.67,0.67,0.67,0.67,0.68,0.66,1.51,1.48,1.48,1.46,1.45,1.45,1.48,1.51,1.46,2.56,2.56,2.62,2.87,2.85,2.87,2.91,2.83,2.45
0.52,0.3,0.28,0.34,0.26,0.29,0.52,1.22,2.56,0.71,0.68,0.67,0.62,0.67,0.67,0.67,0.68,0.7,1.51,1.48,1.48,1.48,1.45,1.45,1.48,1.51,1.46,2.56,2.56,2.6,2.87,2.87,2.87,2.86,2.83,2.45
0.52,0.3,0.28,0.26,0.34,0.29,0.72,1.16,2.56,0.71,0.68,0.67,0.67,0.67,0.67,0.67,0.68,0.68,1.51,1.48,1.48,1.48,1.45,1.45,1.44,1.51,1.46,2.56,2.56,2.55,2.87,2.87,2.87,2.86,2.81,2.45
0.52,0.3,0.36,0.26,0.34,0.36,0.7,1.13,2.56,0.71,0.64,0.67,0.67,0.67,0.67,0.67,0.68,0.68,1.51,1.48,1.48,1.44,1.45,1.45,1.48,1.49,1.46,2.54,2.56,2.87,2.87,2.85,2.87,2.87,2.83,2.44
0.52,0.3,0.34,0.34,0.26,0.29,0.52,0.74,2.56,0.69,0.68,0.62,0.67,0.67,0.67,0.67,0.68,0.7,1.51,1.48,1.44,1.48,1.45,1.45,1.44,1.49,1.46,2.56,2.56,2.55,2.87,2.85,2.87,2.86,2.83,2.45
0.52,0.3,0.27,0.26,0.34,0.29,0.77,0.52,2.56,0.69,0.68,0.67,0.67,0.67,0.67,0.67,0.68,0.66,1.51,1.48,1.48,1.48,1.45,1.45,1.48,1.49,1.46,2.54,2.56,2.62,2.87,2.85,2.87,2.86,2.83,2.45
0.52,0.3,0.27,0.34,0.26,0.29,0.52,1.1,2.56,0.71,0.68,0.67,0.67,0.67,0.67,0.67,0.64,0.7,1.49,1.48,1.48,1.48,1.45,1.45,1.48,1.51,1.46,2.54,2.56,2.62,2.87,2.93,2.87,2.88,2.83,2.45
0.52,0.3,0.34,0.26,0.34,0.29,0.86,1.0,2.56,0.71,0.68,0.67,0.67,0.67,0.67,0.67,0.68,0.68,1.49,1.48,1.48,1.48,1.45,1.45,1.48,1.51,1.46,2.56,2.54,2.62,2.87,2.85,2.87,2.86,2.83,2.39
0.52,0.3,0.34,0.26,0.26,0.29,0.83,1.1,2.56,0.71,0.68,0.67,0.67,0.67,0.67,0.67,0.68,0.68,1.51,1.48,1.48,1.48,1.45,1.45,1.44,1.51,1.57,2.56,2.56,2.62,2.87,2.85,2.87,2.86,2.83,2.44
0.52,0.3,0.34,0.34,0.26,0.29,1.0,1.09,1.21,0.71,0.68,0.67,0.67,0.62,0.62,0.67,0.68,0.7,1.51,1.48,1.44,1.48,1.45,1.4,1.48,1.51,1.57,2.54,2.56,2.62,2.87,2.85,2.87,2.86,2.83,2.45
0.52,0.3,0.26,0.26,0.34,0.36,0.53,0.52,1.23,0.71,0.68,0.67,0.67,0.67,0.67,0.67,0.68,0.68,1.51,1.48,1.44,1.44,1.45,1.45,1.48,1.51,1.46,2.56,2.56,2.62,2.87,2.85,2.87,2.91,2.83,2.44
0.52,0.29,0.34,0.34,0.27,0.29,0.88,1.07,1.22,0.69,0.68,0.67,0.67,0.67,0.67,0.67,0.68,0.7,1.51,1.48,1.44,1.48,1.45,1.45,1.48,1.49,1.46,2.56,2.56,2.63,2.87,2.85,2.87,2.88,2.84,2.45
0.52,0.29,0.34,0.26,0.26,0.29,0.72,1.09,1.24,0.71,0.68,0.67,0.67,0.67,0.67,0.63,0.68,0.68,1.51,1.48,1.48,1.45,1.45,1.4,1.48,1.49,1.46,2.56,2.56,2.62,2.87,2.85,2.87,2.85,2.83,2.38
0.52,0.37,0.34,0.26,0.34,0.36,0.52,1.04,1.24,0.69,0.68,0.67,0.67,0.67,0.67,0.67,0.68,0.68,1.51,1.48,1.48,1.49,1.45,1.45,1.48,1.51,1.46,2.56,2.56,2.63,2.87,2.85,2.87,2.85,2.83,2.44
0.52,0.29,0.34,0.34,0.26,0.29,0.52,1.07,1.21,0.71,0.68,0.67,0.62,0.67,0.67,0.67,0.68,0.68,1.49,1.48,1.48,1.49,1.45,1.45,1.48,1.51,1.46,2.56,2.56,2.63,2.87,2.85,2.87,2.91,2.83,2.45
0.52,0.36,0.26,0.26,0.34,0.29,0.52,2.59,1.19,0.71,0.68,0.67,0.67,0.67,0.67,0.67,0.68,0.68,1.51,1.48,1.48,1.51,1.45,1.45,1.48,1.51,1.46,2.54,2.56,2.62,2.87,2.87,2.95,2.91,2.83,2.45
0.52,0.29,0.34,0.26,0.34,0.29,0.41,1.07,2.56,0.71,0.64,0.67,0.67,0.67,0.67,0.67,0.68,0.68,1.51,1.48,1.46,1.52,1.45,1.45,1.48,1.49,1.46,2.54,2.56,2.87,2.87,2.85,2.87,2.88,2.83,2.45
0.52,0.29,0.34,0.34,0.26,0.29,0.52,0.85,2.56,0.69,0.68,0.62,0.67,0.67,0.67,0.67,0.68,0.68,1.51,1.48,1.48,1.52,1.45,1.45,1.44,1.49,1.46,2.56,2.56,2.87,2.87,2.85,2.87,2.88,2.83,2.45
0.52,0.29,0.34,0.26,0.34,0.29,0.39,1.07,2.56,0.69,0.68,0.67,0.67,0.67,0.67,0.67,0.68,0.65,1.51,1.48,1.44,1.52,1.45,1.45,1.48,1.49,1.46,2.56,2.56,2.87,2.87,2.85,2.87,2.86,2.84,2.45
